id,year,neighborhood,percentage,rolling_percentage,rel_average_rolling,rel_initial_rolling,rel_1945_rolling,rel_initial,rel_average
2,1902,Black Belt,45.21739131,24.06836322,420.0092467,0,1034.452302,101.0159277,876.9447709
8,1903,Black Belt,22.49443207,19.67897301,325.1742354,-18.23717787,827.5602181,0,386.0036625
14,1904,Black Belt,22.58064516,23.07482344,398.5433136,-4.127990653,987.6222174,0.383264133,387.8663402
20,1905,Black Belt,19.86970684,23.18454474,400.9138983,-3.672117077,992.7938856,-11.66833295,329.295137
26,1906,Black Belt,10.17964072,20.59949227,345.0625228,-14.41257523,870.9485109,-54.74595363,119.9363228
32,1907,Black Belt,23.27044025,19.92103018,330.404004,-17.23147103,838.9694825,3.449778939,402.7697145
38,1908,Black Belt,39.47368421,16.76694213,262.2583251,-30.33617624,690.3028525,75.48202189,752.8490534
44,1909,Black Belt,23.1292517,11.76029194,154.0870974,-51.13796552,454.3164752,2.822118949,399.719264
50,1910,Black Belt,6.944444445,7.374826212,59.3368767,-69.35883781,247.60937,-69.12816281,50.03825941
56,1911,Black Belt,6.787330317,7.094584773,53.28211767,-70.52319384,234.4003062,-69.82662067,46.64372865
62,1912,Black Belt,7.5,5.829926134,25.95852362,-75.77763772,174.7911466,-66.65841584,62.04132015
68,1913,Black Belt,14.44043322,4.748774301,2.599687586,-80.2696417,123.8315041,-35.80441073,211.992915
74,1914,Black Belt,1.201923077,3.622051294,-21.74373689,-84.95098624,70.72388313,-94.65679741,-74.03183972
80,1915,Black Belt,5.54323725,4.641940651,0.291492156,-80.71351754,118.7959443,-75.35729183,19.76446426
86,1916,Black Belt,0.464037123,3.533293201,-23.6614007,-85.31976118,66.5403073,-97.93710229,-89.9742416
92,1917,Black Belt,2.094240837,4.997372004,7.970767574,-79.23676006,135.5490535,-90.68995905,-54.75286001
98,1918,Black Belt,8.806818182,7.396203394,59.79874162,-69.27001921,248.6169746,-60.84889739,90.27579261
104,1919,Black Belt,6.301369863,5.82088627,25.76321274,-75.81519684,174.3650563,-71.98697952,36.14430552
110,1920,Black Belt,0,6.160612297,33.1031666,-74.40369235,190.3779015,-100,-100
116,1921,Black Belt,7.784431137,6.769440303,46.25720578,-71.87411441,219.0747567,-65.39396455,68.18659975
122,1922,Black Belt,14.08839779,5.695747353,23.0595227,-76.33512798,168.4666855,-37.36939992,204.3870102
128,1923,Black Belt,0.930232558,3.469507484,-25.03952361,-85.5847801,63.53379401,-95.86460972,-79.90185177
134,1924,Black Belt,8,3.561941985,-23.04242913,-85.2007303,67.89065582,-64.43564356,72.84407483
140,1925,Black Belt,3.04414003,3.426910138,-25.95986097,-85.76176491,61.52598581,-86.46713987,-34.22980411
146,1926,Black Belt,2.415966387,3.826485493,-17.32683189,-84.10159653,80.3598042,-89.25971378,-47.80181563
152,1927,Black Belt,2.957198443,4.118486014,-11.0180119,-82.88838349,94.12312746,-86.85364256,-36.10822138
158,1928,Black Belt,1.392405064,5.092777492,10.03205175,-78.84036631,140.0459516,-93.81000125,-69.91637937
164,1929,Black Belt,7.324840765,7.084903012,53.07293828,-70.56341993,233.9439604,-67.43709402,58.25691566
170,1930,Black Belt,5.042016807,7.036938907,52.03664938,-70.76270271,231.6831922,-77.58548964,8.935341286
176,1931,Black Belt,3.875968992,7.702175713,66.40942941,-67.9987557,263.0388528,-82.76920715,-16.25771569
182,1932,Black Belt,7.828655834,8.637508231,86.61776486,-64.11260645,307.1253624,-65.19736169,69.14209685
188,1933,Black Belt,11.35303266,7.905110397,70.79393662,-67.15559623,272.6040948,-49.52958748,145.2880533
194,1934,Black Belt,7.085020243,6.085971134,31.49050626,-74.71381382,186.8597213,-68.50322684,53.07547113
200,1935,Black Belt,8.368200837,6.400925848,38.29526329,-73.40522997,201.7049809,-62.79879034,80.79924146
206,1936,Black Belt,8.552631579,6.741015659,45.64307687,-71.99221402,217.7349729,-61.97889526,84.78396158
212,1937,Black Belt,4.166666667,5.587764885,20.72650649,-76.78377697,163.3769767,-81.47689769,-9.977044352
218,1938,Black Belt,2.257336343,4.870038488,5.219662106,-79.7658094,129.5472411,-89.96491071,-51.22909853
224,1939,Black Belt,8.659793815,5.024631825,8.559729908,-79.12350009,136.8339339,-61.50250076,87.09925627
230,1940,Black Belt,10.06864989,3.437600599,-25.72888811,-85.71734784,62.02987623,-55.23936831,117.5383094
236,1941,Black Belt,2.786377709,1.762853671,-61.91264851,-92.67563957,-16.90862449,-87.61303375,-39.79889034
242,1942,Black Belt,0.578034682,1.764237347,-61.88275349,-92.66989063,-16.84340549,-97.43032107,-87.51126627
248,1943,Black Belt,3.030303031,2.124820887,-54.09216245,-91.17172669,0.152549867,-86.52865286,-34.52875952
254,1944,Black Belt,0.724637681,1.988734171,-57.03238526,-91.7371441,-6.261840952,-96.7785909,-84.3438338
260,1945,Black Belt,1.694915254,2.121584413,-54.16208812,-91.18517369,0,-92.46517872,-63.38049263
266,1946,Black Belt,2.793296089,2.212049215,-52.20754999,-90.80930766,4.264020863,-87.58227778,-39.64941522
272,1947,Black Belt,2.380952381,2.299941721,-50.30858763,-90.44412908,8.406797642,-89.41537011,-48.55831106
278,1948,Black Belt,2.349869452,2.122258708,-54.14751964,-91.18237211,0.031782605,-89.55355065,-49.22987357
284,1949,Black Belt,1.388888889,2.407001798,-47.99550013,-89.99931247,13.4530299,-93.82563256,-69.99234812
290,1950,Black Belt,2.147239264,3.029224021,-34.55207209,-87.41408382,42.78121587,-90.45435218,-53.607802
296,1951,Black Belt,3.232758621,2.677901168,-42.14258127,-88.87377117,26.22175914,-85.62862752,-30.15460338
302,1952,Black Belt,1.492537313,2.242617049,-51.54711637,-90.68230345,5.70482303,-93.36485888,-67.75297112
308,1953,Black Belt,3.773584905,2.225799727,-51.91046317,-90.75217659,4.912145553,-83.22436017,-18.46977604
314,1954,Black Belt,4.5,1.658348664,-64.17053243,-93.1098403,-21.8344246,-79.9950495,-2.775207907
320,1955,Black Belt,0.390625,0.901820687,-80.51570471,-96.25308676,-57.49305653,-98.26345916,-91.56034791
326,1956,Black Belt,1.056338028,1.445917909,-68.76020709,-93.99245434,-31.84725998,-95.30400223,-77.17727886
332,1957,Black Belt,1.408450704,1.844978942,-60.13829021,-92.33442289,-13.03768397,-93.73866964,-69.56970514
338,1958,Black Belt,0.936329588,2.417147586,-47.77629522,-89.95715843,13.93124738,-95.8375051,-79.77012233
344,1959,Black Belt,0.717360115,2.534759717,-45.23522522,-89.46849981,19.47484633,-96.81094365,-84.50106933
350,1960,Black Belt,3.111111111,2.99430277,-35.3065635,-87.55917574,41.13521721,-86.16941694,-32.78285979
356,1961,Black Belt,3.051643192,3.456610053,-25.31817917,-85.63836676,62.92587897,-86.43378422,-34.06769447
362,1962,Black Belt,4.269293924,3.214790627,-30.54281103,-86.64308579,51.52782079,-81.02066364,-7.75973019
368,1963,Black Belt,1.524390244,3.250762351,-29.76562362,-86.49362933,53.22333305,-93.22325525,-67.06477232
374,1964,Black Belt,3.015075377,4.11890483,-11.00896317,-82.88664338,94.14286817,-86.59634808,-34.85776074
380,1965,Black Belt,5.422647528,3.979736958,-14.01575593,-83.46486248,87.58324832,-75.89337881,17.15906189
386,1966,Black Belt,1.842546063,3.190906377,-31.05884242,-86.74232083,50.40204658,-91.80887938,-60.1908538
392,1967,Black Belt,4.449152543,3.466654868,-25.10115583,-85.59663224,63.39933713,-80.22109414,-3.873793115
398,1968,Black Belt,5.865102639,2.996111571,-35.26748343,-87.55166048,41.2204743,-73.9264249,26.71852993
404,1969,Black Belt,2.319236016,2.293679278,-50.4438909,-90.47014848,8.111619983,-89.68973296,-49.89172456
410,1970,Black Belt,1.478494624,2.374210773,-48.70396693,-90.13555367,11.90743855,-93.42728628,-68.05637057
416,1971,Black Belt,3.221288516,2.414903286,-47.82478447,-89.96648312,13.82546322,-85.67961838,-30.40242084
422,1973,Black Belt,2.096436059,2.317758045,-49.92365689,-90.37010526,9.246562635,-90.68020009,-54.70543112
428,1974,Black Belt,2.352941176,2.082294362,-55.01096968,-91.34841724,-1.851920223,-89.53989517,-49.16350741
434,1975,Black Belt,2.721893491,2.189025715,-52.70498445,-90.90496643,3.178817736,-87.89970121,-41.19210472
440,1976,Black Belt,1.681957187,2.856768228,-38.27806732,-88.13060862,34.65258374,-92.52278439,-63.66045826
446,1977,Black Belt,2.73556231,3.445034325,-25.56827866,-85.68646196,62.38026185,-87.83893587,-40.89678292
452,1978,Black Belt,0.919117647,3.463366889,-25.17219428,-85.61029324,63.24435965,-95.91402155,-80.14199508
458,1979,Black Belt,2.886597938,3.795302672,-18.00055262,-84.23115591,78.89001488,-87.16750026,-37.63358125
464,1980,Black Belt,6.06060606,3.7361178,-19.27927193,-84.47705909,76.1003605,-73.05730573,30.94248092
470,1981,Black Belt,4.623287671,3.471543119,-24.99554267,-85.57632238,63.62974283,-79.44696867,-0.111514978
476,1982,Black Belt,2.827225131,2.846770245,-38.49407885,-88.17214856,34.18133293,-87.43144471,-38.91636099
482,1983,Black Belt,2.578796561,2.851656523,-38.38850832,-88.1518469,34.41164563,-88.53584499,-44.28378678
488,1984,Black Belt,2.590673575,2.942609844,-36.4234155,-87.77395115,38.69869262,-88.4830452,-44.02717784
494,1985,Black Belt,4.737732657,3.118577978,-32.62153433,-87.04283316,46.99287753,-78.93819839,2.361127237
500,1986,Black Belt,1.499423299,1.499423299,-67.60419589,-93.77014845,-29.32530566,-93.33424692,-67.60419589
1,1902,Hyde Park,35.65217391,56.21593306,-17.91344241,0,-26.8532853,-31.88159113,-47.94066259
7,1903,Hyde Park,52.33853007,59.52574985,-13.08044487,5.887684523,-22.5466375,0,-23.57522985
13,1904,Hyde Park,51.07526882,55.68962278,-18.68196117,-0.936229726,-27.53810659,-2.413635324,-25.4198451
19,1905,Hyde Park,64.16938111,54.79429691,-19.98931683,-2.528884732,-28.7030814,22.60447709,-6.299810191
25,1906,Hyde Park,77.84431138,51.96042069,-24.12734552,-7.569939941,-32.39044767,48.73232259,13.66833567
31,1907,Hyde Park,52.20125786,45.89382086,-32.98580022,-18.36154208,-40.2841501,-0.262277542,-23.77567486
37,1908,Hyde Park,33.15789474,46.45356928,-32.16845505,-17.36583072,-39.55581996,-36.64725644,-51.58281135
43,1909,Hyde Park,46.59863946,50.94112391,-25.61572362,-9.383121227,-33.71673022,-10.96685482,-31.95662344
49,1910,Hyde Park,50,54.0733191,-21.04208931,-3.811399803,-29.64119904,-4.468085112,-26.98995363
55,1911,Hyde Park,47.51131222,57.3770885,-16.21792216,2.065527292,-25.34241995,-9.223067296,-30.62393783
61,1912,Hyde Park,55,61.28549891,-10.51085766,9.018023137,-20.25689765,5.085106377,-19.68894899
67,1913,Hyde Park,55.59566787,61.69911147,-9.906900205,9.753779965,-19.7187157,6.223212222,-18.81915422
73,1914,Hyde Park,62.25961539,61.60270517,-10.04767278,9.582287122,-19.84415708,18.95560557,-9.088451866
79,1915,Hyde Park,66.51884701,61.31516566,-10.46753824,9.070795984,-20.21829604,27.09345662,-2.869117904
85,1916,Hyde Park,67.05336427,63.36350893,-7.476545495,12.71450189,-17.55304488,28.11472577,-2.088615306
91,1917,Hyde Park,57.06806283,63.48577021,-7.298019464,12.93198699,-17.39396167,9.036426422,-16.66916173
97,1918,Hyde Park,55.11363636,65.60806924,-4.199036443,16.70724948,-14.63248119,5.302224358,-19.52301707
103,1919,Hyde Park,60.82191781,68.53883034,0.080463633,21.92064885,-10.81905082,16.20868551,-11.18777921
109,1920,Hyde Park,76.76056338,71.05679972,3.757204858,26.39975156,-7.542734345,46.66167215,12.08584584
115,1921,Hyde Park,67.66467066,69.52508279,1.520590364,23.67504905,-9.535764715,29.28271117,-1.195985148
121,1922,Hyde Park,67.67955801,68.95433353,0.687181765,22.65976881,-10.27840886,29.31115551,-1.174246626
127,1923,Hyde Park,69.76744186,68.97484216,0.717128488,22.6962507,-10.25172356,33.30034635,1.874483308
133,1924,Hyde Park,73.41176471,69.95806265,2.15282796,24.4452575,-8.972382543,40.26332916,7.195926914
139,1925,Hyde Park,69.10197869,67.69609187,-1.150103865,20.42153921,-11.91560028,32.02888694,0.90277337
145,1926,Hyde Park,64.81092436,63.70762891,-6.974061183,13.32664147,-17.10528488,23.8302342,-5.363028142
151,1927,Hyde Park,67.78210117,62.71443628,-8.424321975,11.5598957,-18.39760138,29.5070784,-1.024513008
157,1928,Hyde Park,74.68354431,60.11813422,-12.21544466,6.941450492,-21.77584231,42.69323997,9.052980665
163,1929,Hyde Park,62.10191083,58.33850156,-14.81406591,3.775741841,-24.09145419,18.6542892,-9.318732211
169,1930,Hyde Park,49.15966387,56.40394936,-17.63890084,0.334453757,-26.60864337,-6.073663505,-28.21701322
175,1931,Hyde Park,59.84496124,56.13965954,-18.02481708,-0.135679538,-26.95253043,14.34207487,-12.6143321
181,1932,Hyde Park,54.80059085,57.50400063,-16.03260496,2.29128558,-25.17728518,4.704107618,-19.98012642
187,1933,Hyde Park,65.78538103,58.45564716,-14.6430098,3.984126887,-23.93902737,25.69206843,-3.940125609
193,1934,Hyde Park,52.4291498,56.49495922,-17.50600815,0.496347112,-26.4902237,0.173141527,-23.44290684
199,1935,Hyde Park,47.83821478,55.53490245,-18.90788393,-1.211454773,-27.73942467,-8.598474745,-30.14659441
205,1936,Hyde Park,66.66666667,56.53934188,-17.44120055,0.57529743,-26.43247413,27.37588652,-2.6532715
211,1937,Hyde Park,59.55882353,54.28959987,-20.72627591,-3.426667635,-29.3597801,13.79536921,-13.03215064
217,1938,Hyde Park,55.98194131,56.71309528,-17.18748567,0.884379568,-26.2063907,6.96124105,-18.25511738
223,1939,Hyde Park,47.62886598,60.06216157,-12.29717597,6.841883254,-21.84867248,-8.99846458,-30.45228572
229,1940,Hyde Park,52.86041189,64.30450431,-6.102503162,14.38839634,-16.32864608,0.997127392,-22.81317753
235,1941,Hyde Park,55.41795666,68.8171677,0.486892096,22.41577068,-10.45688547,5.883670378,-19.07864829
241,1942,Hyde Park,71.67630058,74.26988922,8.448961114,32.11537224,-3.361945597,36.94748493,4.661800582
247,1943,Hyde Park,72.72727273,75.07748624,9.628215043,33.55197034,-2.311121281,38.95551257,6.19643109
253,1944,Hyde Park,68.84057971,74.99678366,9.51037305,33.40841213,-2.416129397,31.52944803,0.521078337
259,1945,Hyde Park,75.42372881,76.85366771,12.22179687,36.71153983,0,44.10746482,10.13379876
265,1946,Hyde Park,82.68156425,77.29039434,12.8595055,37.48841323,0.568257369,57.97456317,20.7316968
271,1947,Hyde Park,75.71428572,75.02132287,9.546205239,33.45206384,-2.384199602,44.66261398,10.55807023
277,1948,Hyde Park,72.32375979,74.90334135,9.373928511,33.24219181,-2.5377141,38.18454529,5.607221121
283,1949,Hyde Park,78.125,78.04865229,13.96671446,38.83724425,1.554882948,49.26861701,14.07819746
289,1950,Hyde Park,77.60736196,78.27365229,14.29525966,39.23748665,1.847647115,48.27959795,13.32234191
295,1951,Hyde Park,71.3362069,79.5490549,16.15760373,41.5062431,3.507167923,36.29768892,4.165195475
301,1952,Hyde Park,75.12437811,82.07758816,19.84977036,46.00413744,6.79722986,43.53551391,9.696686589
307,1953,Hyde Park,88.05031447,83.7931552,22.35484293,49.05588263,9.029481208,68.23230296,28.57115085
313,1954,Hyde Park,79.25,82.40032077,20.32102481,46.57823198,7.217161157,51.4180851,15.7209235
319,1955,Hyde Park,83.984375,83.19307543,21.4786059,47.98842767,8.248672971,60.46376329,22.63406226
325,1956,Hyde Park,83.97887324,81.99620043,19.73092791,45.85936045,6.69133025,60.45325141,22.62602859
331,1957,Hyde Park,83.70221328,79.47272625,16.04614858,41.3704655,3.407851071,59.9246543,22.22204946
337,1958,Hyde Park,81.08614232,77.97037883,13.85241948,38.69800712,1.453035559,54.92628893,18.40206022
343,1959,Hyde Park,83.21377331,77.66778452,13.41057098,38.15973567,1.059307677,58.99142219,21.50882896
349,1960,Hyde Park,78,77.00492935,12.44266926,36.98061237,0.196817722,49.02978722,13.89567234
355,1961,Hyde Park,71.36150235,78.15134084,14.11666037,39.0199123,1.688498624,36.34601938,4.202131914
361,1962,Hyde Park,76.19047619,80.29445075,17.24603146,42.83219433,4.477057687,45.57244173,11.25340399
367,1963,Hyde Park,79.57317073,79.97160975,16.77461873,42.25790697,4.056985347,52.03554747,16.1928177
373,1964,Hyde Park,79.89949749,78.25052399,14.26148771,39.19634477,1.817553178,52.65903988,16.66932034
379,1965,Hyde Park,83.73205742,77.68672272,13.43822457,38.19342399,1.083949579,59.98167566,22.2656279
385,1966,Hyde Park,82.07705193,77.12310694,12.61523228,37.19083317,0.350587333,56.81955878,19.84898735
391,1967,Hyde Park,74.57627119,75.69369095,10.52799773,34.64810923,-1.509331693,42.48827984,8.896340356
397,1968,Hyde Park,70.96774194,76.08241994,11.09562016,35.33960178,-1.003527609,35.59368566,3.627162598
403,1969,Hyde Park,77.08049113,77.06534214,12.53088406,37.08807797,0.275425275,47.27293836,12.55300463
409,1970,Hyde Park,80.9139785,77.43622616,13.07244926,37.74782691,0.75800995,54.59734615,18.15066645
415,1971,Hyde Park,74.92997199,77.15557113,12.66263653,37.24858227,0.392828903,43.16407413,9.412814592
421,1973,Hyde Park,76.51991614,76.42489588,11.59570385,35.94881687,-0.557906789,46.20188232,11.73445251
427,1974,Hyde Park,75.88235294,76.85620677,12.22550441,36.71605645,0.003303759,44.98372965,10.80348214
433,1975,Hyde Park,78.93491124,77.76221041,13.54845177,38.32770566,1.182172207,50.81606445,15.2608306
439,1976,Hyde Park,79.51070336,77.97522817,13.85950048,38.70663338,1.459345384,51.91619492,16.10160279
445,1977,Hyde Park,71.27659574,79.12788201,15.5426067,40.75703757,2.959148688,36.18379355,4.078151204
451,1978,Hyde Park,78.67647059,82.38041627,20.29196024,46.54282476,7.19126194,50.32227784,14.88345532
457,1979,Hyde Park,80.41237114,83.32133992,21.66589782,48.21659161,8.415567398,53.63895591,17.41821892
463,1980,Hyde Park,80,83.75009194,22.29196193,48.97927934,8.973448416,52.85106382,16.81607419
469,1981,Hyde Park,85.2739726,83.01235929,21.21472402,47.66695983,8.01352981,62.92771785,24.51713388
475,1982,Hyde Park,87.53926702,81.22861436,18.61009802,44.49393605,5.692567158,67.25587613,27.82491889
481,1983,Hyde Park,83.38108883,79.6509512,16.30639281,41.68750186,3.639752749,59.31110163,21.75314324
487,1984,Hyde Park,82.55613126,78.40757199,14.49080933,39.47571039,2.021899955,57.7349061,20.54853943
493,1985,Hyde Park,76.31133672,76.33329235,11.46194428,35.78586745,-0.677098933,45.80336249,11.42988465
499,1986,Hyde Park,76.35524798,76.35524798,11.49400391,35.82492334,-0.648530836,45.88726103,11.49400391
4,1902,N. Woodlawn,7.826086957,13.42061387,35.50680062,0,38.48567875,-50.50826698,-20.98066341
10,1903,N. Woodlawn,15.81291759,15.75476755,59.07455245,17.39230188,62.57152605,0,59.66168844
16,1904,N. Woodlawn,21.50537634,16.48692088,66.46704249,22.84774029,70.12652696,35.99878844,117.1379619
22,1905,N. Woodlawn,12.37785016,17.21985921,73.86745875,28.30902801,77.68962834,-21.72317291,24.97810379
28,1906,N. Woodlawn,9.580838323,20.52206696,107.2095704,52.91451757,111.7647076,-39.41131819,-3.263087623
34,1907,N. Woodlawn,19.49685535,24.30725676,145.428311,81.11881461,150.8236198,23.29701486,96.85809572
40,1908,N. Woodlawn,19.47368421,27.24121903,175.0522792,102.9804246,181.0988187,23.15048187,96.62413868
46,1909,N. Woodlawn,25.17006803,26.52337749,167.8042941,97.63162653,173.6914994,59.17409224,154.1400432
52,1910,N. Woodlawn,28.88888889,26.24897927,165.0337185,95.58702392,170.8600176,82.69170585,191.6886622
58,1911,N. Woodlawn,28.50678733,24.81709949,150.5761498,84.917767,156.0846248,80.27531711,187.8306151
64,1912,N. Woodlawn,34.16666667,23.84892068,140.8005304,77.70364982,146.0941056,116.0680752,244.977937
70,1913,N. Woodlawn,15.88447653,22.84455768,130.6595624,70.21991613,135.7302062,0.452534705,60.38421299
76,1914,N. Woodlawn,23.79807692,24.44038965,146.7725424,82.11081755,152.1974018,50.49769775,140.2871653
82,1915,N. Woodlawn,21.72949002,23.62597974,138.5495147,76.04246694,143.7936052,37.41607073,119.4008187
88,1916,N. Woodlawn,23.66589327,21.11106765,113.1566605,57.30329366,117.8425339,49.66177579,138.9525182
94,1917,N. Woodlawn,29.14485166,20.68926625,108.8977675,54.16035689,113.4900166,84.31039999,194.2730966
100,1918,N. Woodlawn,23.86363636,16.35200862,65.10484488,21.84247885,68.73438384,50.91229195,140.9491134
106,1919,N. Woodlawn,19.7260274,14.09090925,42.27471626,4.994521017,45.40237508,24.74628599,99.17202648
112,1920,N. Woodlawn,9.154929577,12.68688024,28.09835436,-5.467213618,30.91437086,-42.10474111,-7.563452127
118,1921,N. Woodlawn,21.55688623,15.11769037,52.64203817,12.64529712,55.99760429,36.32453409,117.6580529
124,1922,N. Woodlawn,7.458563536,14.52480052,46.65567961,8.227542045,49.8796462,-52.83246439,-24.69151624
130,1923,N. Woodlawn,12.55813953,15.49223178,56.42375104,15.43608906,59.86245146,-20.58303309,26.79847028
136,1924,N. Woodlawn,12.70588235,14.6261735,47.67923395,8.982894789,50.92570157,-19.64871582,28.29021701
142,1925,N. Woodlawn,21.30898022,14.37799066,45.17335285,7.133628859,48.3647331,34.75679045,115.1549669
148,1926,N. Woodlawn,18.59243698,13.47753915,36.08157033,0.424163,39.07308376,17.57752403,87.7262601
154,1927,N. Woodlawn,12.29571984,11.46447811,15.75586366,-14.5756057,18.30055226,-22.24256043,24.14884091
160,1928,N. Woodlawn,8.227848102,10.89602838,10.01627494,-18.81125195,12.4347888,-47.96755213,-16.92411519
166,1929,N. Woodlawn,11.46496815,10.49462673,5.963356427,-21.80218561,8.29277402,-27.49618731,15.76081152
172,1930,N. Woodlawn,16.80672269,10.06398127,1.615165806,-25.01102133,3.848996094,6.284767465,69.69605429
178,1931,N. Woodlawn,8.527131783,9.575719023,-3.314776762,-28.64917274,-1.189322571,-46.07489899,-13.90227323
184,1932,N. Woodlawn,9.453471197,9.273801438,-6.36321302,-30.89882829,-4.304773327,-40.21678072,-4.549102697
190,1933,N. Woodlawn,6.220839813,9.883107199,-0.211104406,-26.35875459,1.98257855,-60.65975948,-37.18870775
196,1934,N. Woodlawn,9.311740891,13.55993246,36.9134886,1.038094021,39.9232903,-41.11307519,-5.980141582
202,1935,N. Woodlawn,14.36541143,14.46047088,46.00614869,7.748207495,49.21583649,-9.153947409,45.04634145
208,1936,N. Woodlawn,7.01754386,14.10455107,42.4124565,5.09616924,45.54314331,-55.62144797,-29.14445452
214,1937,N. Woodlawn,12.5,14.0632714,41.99565917,4.788585174,45.11718343,-20.9507042,26.21144037
220,1938,N. Woodlawn,24.60496614,12.25691302,23.75701172,-8.670995726,26.47759147,55.60041972,148.4342573
226,1939,N. Woodlawn,13.81443299,10.06319252,1.6072018,-25.01689853,3.840857015,-12.63830402,39.48315885
232,1940,N. Woodlawn,12.58581236,9.474218965,-4.339614248,-29.40547241,-2.2366893,-20.40803167,27.0778805
238,1941,N. Woodlawn,6.811145511,7.974005645,-19.48714096,-40.58389787,-17.71720768,-56.9266995,-31.22844116
244,1942,N. Woodlawn,3.468208092,7.393899448,-25.34442406,-44.90639909,-23.70325283,-78.06724741,-64.9817969
250,1943,N. Woodlawn,13.63636364,9.08121021,-8.307790332,-32.33386867,-6.29209874,-13.76440456,37.68520771
256,1944,N. Woodlawn,10.86956522,9.226000144,-6.845858642,-31.25500644,-4.798029059,-31.2614819,9.74907861
262,1945,N. Woodlawn,5.084745763,9.690975988,-2.151036962,-27.79036728,0,-67.84435425,-48.65975307
268,1946,N. Woodlawn,3.910614525,11.00531518,11.11973444,-17.99693157,13.56250591,-75.26949405,-60.51485664
274,1947,N. Woodlawn,11.9047619,13.49905434,36.29880737,0.584477497,39.29509638,-24.71495641,20.20137173
280,1948,N. Woodlawn,14.36031331,13.80466913,39.38457394,2.861681706,42.44869808,-9.186187633,44.99486616
286,1949,N. Woodlawn,13.19444444,12.00178885,21.18104466,-10.57198302,23.84499631,-16.55907669,33.22318701
292,1950,N. Woodlawn,11.65644172,11.56289997,16.74962077,-13.84224243,19.31615537,-26.28531924,17.69410393
298,1951,N. Woodlawn,16.37931034,10.16911162,2.67665801,-24.22767157,4.933823334,3.581835843,65.38050802
304,1952,N. Woodlawn,13.43283582,7.914376315,-20.08921325,-41.02820937,-18.33251548,-15.05150303,35.63020457
310,1953,N. Woodlawn,5.34591195,6.032638125,-39.08896425,-55.04946211,-37.7499425,-66.192754,-46.02278022
316,1954,N. Woodlawn,11,6.499036259,-34.37978182,-51.57422514,-32.937237,-30.4366197,11.06606753
322,1955,N. Woodlawn,4.687500001,5.418118038,-45.29372147,-59.62838892,-44.09110037,-70.35651407,-52.67070985
328,1956,N. Woodlawn,5.105633803,5.858395816,-40.84827407,-56.34778058,-39.54792765,-67.71225946,-48.4488483
334,1957,N. Woodlawn,4.024144869,5.870132905,-40.72976567,-56.2603249,-39.42681406,-74.55153455,-59.36855039
340,1958,N. Woodlawn,7.677902622,6.608817888,-33.27132601,-50.75621763,-31.80441375,-51.44537636,-22.47686808
346,1959,N. Woodlawn,5.595408895,6.567139803,-33.69214611,-51.06677038,-32.23448483,-64.61494937,-43.50363071
352,1960,N. Woodlawn,6.888888889,7.089599062,-28.41691925,-47.17380942,-26.84329141,-56.43505476,-30.44347286
358,1961,N. Woodlawn,5.164319249,7.08343213,-28.47918625,-47.21976061,-26.90692724,-67.34113601,-47.85630632
364,1962,N. Woodlawn,7.717569786,7.692109319,-22.33342427,-42.68437054,-20.62606152,-51.19452345,-22.07635209
370,1963,N. Woodlawn,7.469512195,7.928256378,-19.94906743,-40.92478591,-18.18928879,-52.76322568,-24.58096856
376,1964,N. Woodlawn,8.207705193,7.490072414,-24.37337377,-44.18979277,-22.71085571,-48.09493475,-17.12749644
382,1965,N. Woodlawn,6.858054227,6.91265143,-30.2035445,-48.49228586,-28.66919246,-56.63005142,-30.75480783
388,1966,N. Woodlawn,8.207705193,6.213083596,-37.26702162,-53.70492249,-35.88794768,-48.09493475,-17.12749644
394,1967,N. Woodlawn,8.898305084,5.52392351,-44.22541259,-58.84000865,-42.99930661,-43.72761995,-10.15456788
400,1968,N. Woodlawn,5.278592375,5.169839013,-47.80057374,-61.47837155,-46.65306137,-66.6184792,-46.70250026
406,1969,N. Woodlawn,5.320600273,5.87882642,-40.64198799,-56.19554757,-39.33710673,-66.35282362,-46.27835007
412,1970,N. Woodlawn,3.360215054,5.572102815,-43.73895023,-58.48101385,-42.50215022,-78.7501893,-66.07219345
418,1971,N. Woodlawn,4.761904762,5.695166838,-42.49638322,-57.56403625,-41.23226757,-69.88598255,-51.91945129
424,1973,N. Woodlawn,7.127882599,5.685035126,-42.59868226,-57.63952991,-41.33681548,-54.923672,-28.03037363
430,1974,N. Woodlawn,8.823529412,4.921223312,-50.3108254,-63.33086282,-49.21849649,-44.20049708,-10.9095715
436,1975,N. Woodlawn,3.786982249,3.65136279,-63.13249944,-72.792878,-62.32203243,-76.0513376,-61.76316126
442,1976,N. Woodlawn,3.975535168,3.742451189,-62.21278759,-72.11415794,-61.38210234,-74.85893956,-59.85935842
448,1977,N. Woodlawn,4.7112462,3.563782512,-64.01679008,-73.44545827,-63.22576265,-70.20634444,-52.43094649
454,1978,N. Woodlawn,3.308823529,3.040381439,-69.30152634,-77.34543689,-68.62667452,-79.07518641,-66.59108932
460,1979,N. Woodlawn,2.474226805,3.295522177,-66.72539194,-75.44432611,-65.99390834,-84.35312907,-75.01794169
466,1980,N. Woodlawn,4.242424243,3.14609996,-68.2340954,-76.55770452,-67.53577799,-73.17114809,-57.16460205
472,1981,N. Woodlawn,3.082191781,2.87291122,-70.99245895,-78.59329501,-70.3547793,-80.50839282,-68.87937087
478,1982,N. Woodlawn,2.094240838,3.38680735,-65.80369329,-74.76413984,-65.05194777,-86.75613892,-78.85462779
484,1983,N. Woodlawn,4.58452722,3.709948978,-62.54095966,-72.35633919,-61.7174887,-71.00770814,-53.71041729
490,1984,N. Woodlawn,1.727115717,3.418422897,-65.48447379,-74.52856531,-64.72571079,-89.0778175,-82.56145901
496,1985,N. Woodlawn,2.876480542,4.264076488,-56.94598118,-68.227411,-55.99951447,-81.8092991,-70.95641981
502,1986,N. Woodlawn,5.651672433,5.651672433,-42.93554254,-57.88812281,-41.68108104,-64.25914193,-42.93554254
5,1902,S. Kenwood,2.608695652,1.002879471,-74.84085894,0,-61.4343851,192.8260869,-34.55590249
11,1903,S. Kenwood,0.890868597,0.481140341,-87.92967844,-52.02411112,-81.49780345,0,-77.65086499
17,1904,S. Kenwood,0.537634409,1.039808726,-73.91441825,3.682322399,-60.01427482,-39.6505376,-86.51241717
23,1905,S. Kenwood,0.977198697,1.000309055,-74.90534271,-0.256303541,-61.53323014,9.690553724,-75.48511005
29,1906,S. Kenwood,0,0.971535983,-75.62717002,-3.125349467,-62.63969534,-100,-100
35,1907,S. Kenwood,0,0.971535983,-75.62717002,-3.125349467,-62.63969534,-100,-100
41,1908,S. Kenwood,3.684210526,1.054869316,-73.53659468,5.184057178,-59.43512157,313.5526315,-7.574564049
47,1909,S. Kenwood,0.340136054,1.25665537,-68.47440732,25.30472566,-51.67546205,-61.81972794,-91.46703945
53,1910,S. Kenwood,0.833333334,1.717474313,-56.91388671,71.25430948,-33.9547225,-6.458333271,-79.09424661
59,1911,S. Kenwood,0,1.68384534,-57.75753352,67.90106776,-35.24792079,-100,-100
65,1912,S. Kenwood,0.416666667,1.776652765,-55.42928257,77.15516332,-31.67902193,-53.22916664,-89.54712331
71,1913,S. Kenwood,4.693140794,1.972551543,-50.51478871,96.68879464,-24.1457569,426.8050541,17.73637277
77,1914,S. Kenwood,2.64423077,1.772559748,-55.53196369,76.74703683,-31.83641843,196.8149039,-33.6644364
83,1915,S. Kenwood,0.66518847,1.90124784,-52.30357786,89.5788971,-26.88773261,-25.33259425,-83.31248068
89,1916,S. Kenwood,0.464037123,3.458350991,-13.24068052,244.8421362,32.99049027,-47.91183295,-88.35874522
95,1917,S. Kenwood,1.396160559,3.485304046,-12.56451183,247.5297029,34.02696688,56.71902273,-64.97465402
101,1918,S. Kenwood,3.693181818,3.537563647,-11.25348024,252.7406582,36.03660383,314.559659,-7.349502107
107,1919,S. Kenwood,3.287671232,3.729159841,-6.446924898,271.8452664,43.40441348,269.0410957,-17.52250727
113,1920,S. Kenwood,8.450704225,3.401037359,-14.67850211,239.1272289,30.78650112,848.5915491,112.002006
119,1921,S. Kenwood,0.598802395,2.015310517,-49.44209843,100.9524151,-22.50146547,-32.78443117,-84.97790177
125,1922,S. Kenwood,1.657458563,3.03000382,-23.98658492,202.1304062,16.51844896,86.04972367,-58.41949607
131,1923,S. Kenwood,4.65116279,3.538979033,-11.21797257,252.8817904,36.09103236,422.0930231,16.68327462
137,1924,S. Kenwood,1.647058823,3.089759133,-22.48750909,208.0887806,18.81633269,84.88235286,-58.68039335
143,1925,S. Kenwood,1.522070015,3.269901509,-17.9682946,226.0512956,25.74368706,70.85235916,-61.81597558
149,1926,S. Kenwood,5.672268907,4.015907674,0.746690475,300.4377186,54.43126848,536.7121847,42.29966579
155,1927,S. Kenwood,4.202334631,4.369825986,9.625405199,335.7279326,68.04115651,371.7120623,5.423565657
161,1928,S. Kenwood,2.405063291,4.238369399,6.32756643,322.6200178,62.98600857,169.9683544,-39.66440799
167,1929,S. Kenwood,2.547770701,4.161711329,4.404452778,314.9762209,60.03813129,185.9872611,-36.08432089
173,1930,S. Kenwood,5.25210084,4.623817108,15.99725611,361.0541188,77.80835595,489.5483192,31.75894981
179,1931,S. Kenwood,7.441860465,4.717051054,18.33620718,370.3507441,81.39365665,735.3488371,86.69323941
185,1932,S. Kenwood,3.545051699,3.754994751,-5.798806998,274.4213397,44.39789197,297.9320532,-11.06562819
191,1933,S. Kenwood,2.02177294,3.193043234,-19.89643076,218.3875358,22.78811094,126.9440125,-49.27997625
197,1934,S. Kenwood,4.858299595,2.833835373,-28.90784391,182.5698855,8.974813888,445.3441295,21.87969577
203,1935,S. Kenwood,5.718270572,2.027123908,-49.14573703,102.1303623,-22.04718288,541.8758716,43.45370515
209,1936,S. Kenwood,2.631578947,0.929236384,-76.688336,-7.343164271,-64.26632155,195.3947368,-33.98183147
215,1937,S. Kenwood,0.735294118,0.402920595,-89.89196971,-59.82362724,-84.5057348,-17.46323527,-81.55374702
221,1938,S. Kenwood,0.225733635,0.60268258,-84.88055994,-39.90478441,-76.82391058,-74.66139947,-94.33704196
227,1939,S. Kenwood,0.824742268,0.860566156,-78.41105941,-14.19047043,-66.90702728,-7.422680429,-79.30976986
233,1940,S. Kenwood,0.228832952,1.275327848,-68.00597266,27.16661219,-50.95741406,-74.31350114,-94.25928969
239,1941,S. Kenwood,0,1.229561257,-69.15411472,22.60309367,-52.71736304,-100,-100
245,1942,S. Kenwood,1.734104046,2.458611536,-38.3210483,145.1552362,-5.454375678,94.65317914,-56.49669819
251,1943,S. Kenwood,1.515151515,2.683219299,-32.68633492,167.551523,3.182890026,70.07575754,-61.98953933
257,1944,S. Kenwood,2.898550725,2.902382207,-27.18821606,189.4048877,11.61077451,225.3623188,-27.28433609
263,1945,S. Kenwood,0,2.60044984,-34.76276439,159.2983419,0,-100,-100
269,1946,S. Kenwood,6.145251396,2.661799533,-33.22369052,165.4156965,2.359195415,589.8044691,54.16533211
275,1947,S. Kenwood,2.857142857,1.906887185,-52.16210416,90.14121241,-26.67087225,220.7142857,-28.3231313
281,1948,S. Kenwood,2.610966058,1.733468564,-56.51264047,72.84914231,-33.33966542,193.08094,-34.49894504
287,1949,S. Kenwood,1.388888889,1.399954598,-64.87947334,39.59350431,-46.1649067,55.90277777,-65.15707771
293,1950,S. Kenwood,0.306748467,1.27217682,-68.08502219,26.85241413,-51.07858647,-65.56748458,-92.30463064
299,1951,S. Kenwood,2.370689655,2.304577126,-42.18529476,129.7960217,-11.37775123,166.1099137,-40.5267361
305,1952,S. Kenwood,1.990049751,2.288185674,-42.59650555,128.1615828,-12.00808264,123.3830845,-50.07581285
311,1953,S. Kenwood,0.943396226,3.057177736,-23.30487548,204.8399957,17.5634188,5.896226354,-76.3331094
317,1954,S. Kenwood,0.75,4.104453547,2.9680323,309.2668826,57.83628986,-15.81250001,-81.18482197
323,1955,S. Kenwood,5.46875,4.528341639,13.60207219,351.5339849,74.13685777,513.8671874,37.1940065
329,1956,S. Kenwood,2.288732394,3.879036084,-2.686993978,286.7898582,49.16788718,156.9102112,-42.58279004
335,1957,S. Kenwood,5.835010061,5.064482093,27.05217631,404.9940935,94.75407736,554.9798793,46.38233751
341,1958,S. Kenwood,6.179775281,4.488613086,12.60540578,347.5725364,72.60910081,593.6797752,55.0314295
347,1959,S. Kenwood,2.86944046,3.648999493,-8.457899856,263.8522473,40.32185651,222.0946916,-28.01462251
353,1960,S. Kenwood,2.222222222,3.410119776,-14.45065239,240.0328629,31.13576443,149.4444444,-44.25132435
359,1961,S. Kenwood,8.215962441,3.157062892,-20.79906617,214.7998322,21.40449099,822.2417839,106.1130614
365,1962,S. Kenwood,2.955665025,2.083384641,-47.73432941,107.740282,-19.88368284,231.773399,-25.85151513
371,1963,S. Kenwood,1.981707317,2.127844857,-46.61896026,112.1735381,-18.17397037,122.4466463,-50.28509869
377,1964,S. Kenwood,1.675041876,2.171386091,-45.52664548,116.51516,-16.49959719,88.02345056,-57.97838518
383,1965,S. Kenwood,0.956937799,2.24565466,-43.66347702,123.9206929,-13.64360791,7.416267924,-75.99339326
389,1966,S. Kenwood,2.84757119,2.887600433,-27.559045,187.9309545,11.0423431,219.639866,-28.56325479
395,1967,S. Kenwood,3.177966101,3.830691237,-3.899816498,281.9692543,47.30879167,256.7266948,-20.27466936
401,1968,S. Kenwood,2.19941349,4.536817095,13.81469513,352.379097,74.46278044,146.8841642,-44.82352482
407,1969,S. Kenwood,2.04638472,5.567522632,39.67190605,455.1537142,114.0984435,129.7066848,-48.66254289
413,1970,S. Kenwood,4.166666666,6.649369949,66.81210587,563.0278255,155.7007579,367.7083332,4.528766842
419,1971,S. Kenwood,7.56302521,6.916954047,73.52496246,589.7094064,165.9906736,748.9495797,89.73288774
425,1973,S. Kenwood,6.708595388,6.407388518,60.74154094,538.8991602,146.3953897,653.0398322,68.29788878
431,1974,S. Kenwood,7.352941177,6.940669441,74.11990827,592.0741367,166.9026464,725.367647,84.46252976
437,1975,S. Kenwood,7.455621302,7.696885327,93.09102365,667.4786003,195.9828415,736.893491,87.03845621
443,1976,S. Kenwood,5.504587156,7.902730764,98.25504837,688.0040416,203.8986041,517.8899082,38.0930498
449,1977,S. Kenwood,5.015197568,8.06893662,102.4246387,704.5769062,210.2900312,462.9559269,25.81578016
455,1978,S. Kenwood,9.375,8.343384018,109.3096743,731.9428465,220.8438744,952.3437499,135.1897254
461,1979,S. Kenwood,11.13402061,7.987008659,100.3693199,696.4076333,207.1395009,1149.793813,179.3181067
467,1980,S. Kenwood,8.484848485,8.178166541,105.1648793,715.4685361,214.4904553,852.4242423,112.8585798
473,1981,S. Kenwood,6.335616438,8.88390412,122.8696502,785.8396624,241.6295129,611.1729451,58.94100165
479,1982,S. Kenwood,6.387434555,9.785177603,145.4798116,875.7082367,276.2878811,616.9895287,60.24095778
485,1983,S. Kenwood,7.593123209,10.63461336,166.789525,960.4079226,308.9528358,752.3280801,90.48795335
491,1984,S. Kenwood,12.08981002,11.64844342,192.2233823,1061.499837,347.9395541,1257.081175,203.2959039
497,1985,S. Kenwood,12.01353638,11.42776012,186.6871215,1039.494869,339.453203,1248.519458,201.3824344
503,1986,S. Kenwood,10.84198385,10.84198385,171.9918085,981.0854309,316.927244,1117.012687,171.9918085
6,1902,South Shore,0,0.04454343,-98.82956648,0,-97.64372219,-100,-100
12,1903,South Shore,0.222717149,0.170329593,-95.52437998,282.3899376,-90.98983075,0,-94.14783238
18,1904,South Shore,0,0.125786164,-96.69481351,182.3899376,-93.34610856,-100,-100
24,1905,South Shore,0,0.125786164,-96.69481351,182.3899376,-93.34610856,-100,-100
30,1906,South Shore,0,0.125786164,-96.69481351,182.3899376,-93.34610856,-100,-100
36,1907,South Shore,0.628930818,0.125786164,-96.69481351,182.3899376,-93.34610856,182.3899376,-83.47406753
42,1908,South Shore,0,0,-100,-100,-100,-100,-100
48,1909,South Shore,0,1.660649819,-56.36437904,3628.158848,-12.15422027,-100,-100
54,1910,South Shore,0,1.756803666,-53.83781821,3844.024233,-7.0678321,-100,-100
60,1911,South Shore,0,1.801149564,-52.67257508,3943.580774,-4.722003411,-100,-100
66,1912,South Shore,0,2.079571837,-45.35668665,4568.63878,10.00609968,-100,-100
72,1913,South Shore,8.303249097,2.079571837,-45.35668665,4568.63878,10.00609968,3628.158848,118.1781048
78,1914,South Shore,0.480769231,0.589376563,-84.51340432,1223.150386,-68.82290103,115.8653849,-87.36719585
84,1915,South Shore,0.22172949,0.548017238,-85.60017158,1130.2987,-71.01074471,-0.443458891,-94.17378434
90,1916,South Shore,1.392111369,0.64451641,-83.06453688,1346.939342,-65.90608933,525.0580053,-63.42055784
96,1917,South Shore,0,0.366094136,-90.38042531,721.881337,-80.63419242,-100,-100
102,1918,South Shore,0.852272727,0.421342755,-88.92869975,845.9144864,-77.71162684,282.6704548,-77.60548357
108,1919,South Shore,0.273972603,0.297399838,-92.18545269,567.6626361,-84.26801345,23.01369887,-92.80103215
114,1920,South Shore,0.704225352,0.760252376,-80.02343173,1606.766585,-59.78383765,216.1971834,-81.49561084
120,1921,South Shore,0,0.741172907,-80.5247683,1563.933177,-60.79311175,-100,-100
126,1922,South Shore,0.276243094,0.930248537,-75.55657305,1988.407968,-50.79130644,24.03314933,-92.7413722
132,1923,South Shore,0.232558139,1.62208163,-57.37780576,3541.573263,-14.19441719,4.418604514,-93.88924824
138,1924,South Shore,2.588235294,2.157848483,-43.2998713,4744.36985,14.1468119,1062.117648,-31.99092735
144,1925,South Shore,0.608828006,2.117908431,-44.3493454,4654.704432,12.03404556,173.363775,-84.00229369
150,1926,South Shore,0.945378152,2.626394931,-30.98823585,5796.256625,38.9321866,324.4747907,-75.15902377
156,1927,South Shore,3.73540856,3.274528603,-13.95772472,7251.316721,73.21744477,1577.198445,-1.847535755
162,1928,South Shore,2.911392405,2.822867866,-25.82566731,6237.338365,49.32529776,1207.215191,-23.49957592
168,1929,South Shore,2.388535032,2.644943973,-30.50083691,5837.899225,39.91340192,972.4522304,-37.23829788
174,1930,South Shore,3.151260505,2.936467736,-22.8406907,6492.370073,55.3345533,1314.915968,-17.19674593
180,1931,South Shore,4.186046512,3.449869749,-9.350419974,7644.957594,82.49271733,1779.534886,9.993531898
186,1932,South Shore,1.477104875,2.788099043,-26.73926098,6159.282358,47.48608138,563.2200895,-61.1872487
192,1933,South Shore,2.02177294,2.933854539,-22.90935568,6486.503446,55.19631927,807.776051,-46.87542393
198,1934,South Shore,3.846153846,3.296994307,-13.36741065,7301.752227,74.40584541,1626.923079,1.062433141
204,1935,South Shore,5.718270572,3.847351167,1.093894227,8537.303378,103.518863,2467.503489,50.25460772
210,1936,South Shore,0.877192982,3.161362956,-16.93129157,6997.259844,67.23115896,293.8596493,-76.95067315
216,1937,South Shore,2.205882353,3.357441388,-11.77908909,7437.455923,77.60340149,890.4411775,-42.03772217
222,1938,South Shore,3.837471783,3.609906536,-5.145256141,8004.24018,90.95841319,1623.024832,0.834301234
228,1939,South Shore,6.597938145,2.842412179,-25.31211639,6281.215348,50.35916138,2862.47423,73.3689575
234,1940,South Shore,2.288329519,2.392389767,-37.13700996,5270.915033,26.55367922,927.459955,-39.87132125
240,1941,South Shore,1.857585139,3.460147592,-9.08035697,7668.031353,83.03639918,734.0557282,-51.18966078
246,1942,South Shore,3.468208092,3.088630565,-18.84242481,6833.975624,63.38372912,1457.225435,-8.868557408
252,1943,South Shore,0,2.394988946,-37.06871333,5276.75019,26.69117171,-100,-100
258,1944,South Shore,4.347826087,2.55164691,-32.95233224,5628.447318,34.97813311,1852.173915,14.24448964
264,1945,South Shore,7.627118644,1.890415026,-50.32701504,4143.981737,0,3324.576275,100.4119437
270,1946,South Shore,0,0.549040377,-85.57328735,1132.595647,-70.95662227,-100,-100
276,1947,South Shore,0,0.72145417,-81.04290242,1519.664612,-61.83620211,-100,-100
282,1948,South Shore,0.783289817,0.72145417,-81.04290242,1519.664612,-61.83620211,251.6971282,-79.41809456
288,1949,South Shore,1.041666667,0.69058237,-81.85409701,1450.357422,-63.46927207,367.7083339,-72.62892435
294,1950,South Shore,0.920245399,0.582249036,-84.70068888,1207.149088,-69.19993607,313.1901846,-75.81941783
300,1951,South Shore,0.862068965,0.749762457,-80.29906728,1583.216717,-60.33873798,287.0689657,-77.34807534
306,1952,South Shore,0,1.035095142,-72.80159926,2223.788597,-45.24508489,-100,-100
312,1953,South Shore,0.628930818,1.517992527,-60.11287526,3307.893226,-19.70056807,182.3899376,-83.47406753
318,1954,South Shore,0.5,1.654378648,-56.52916182,3614.080068,-12.48595545,124.5000002,-86.86188369
324,1955,South Shore,1.7578125,3.046487686,-19.94978089,6739.364863,61.15443673,689.2578133,-53.81130985
330,1956,South Shore,2.288732394,4.606036298,21.0292812,10240.5515,143.6521206,927.6408459,-39.86073522
336,1957,South Shore,2.414486921,6.495707659,70.68272547,14482.86371,243.6127819,984.1046286,-36.55638001
342,1958,South Shore,1.310861423,7.490642787,96.82587234,16716.49307,296.243295,488.5767795,-65.55550032
348,1959,South Shore,7.460545194,9.057738795,138.0032516,20234.62361,379.1402244,3249.784795,96.03502097
354,1960,South Shore,9.555555556,8.771659907,130.4861762,19592.37651,364.0070983,4190.444449,151.0840006
360,1961,South Shore,11.7370892,7.275221842,91.16542147,16232.87305,284.8478637,5169.953056,208.4064861
366,1962,South Shore,7.389162562,5.731824102,50.61074344,12767.94512,203.2045358,3217.733994,94.15935433
372,1963,South Shore,9.146341463,5.906533963,55.20146038,13160.16876,212.4464143,4006.707321,140.3313959
378,1964,South Shore,6.030150753,7.097793528,86.50327382,15834.54649,275.4621833,2607.537691,58.44964391
384,1965,South Shore,2.073365231,8.48385069,122.9236342,18946.24482,348.7824406,830.9409896,-45.51977289
390,1966,South Shore,4.020100503,10.05842496,164.2975139,22481.16405,432.0749581,1705.025128,5.633095963
396,1967,South Shore,8.262711864,11.10314435,191.7488037,24826.55909,487.3389811,3609.957631,117.112939
402,1968,South Shore,15.10263929,10.91810722,186.886725,24411.15073,477.5508061,6681.085048,296.8404631
408,1969,South Shore,12.96043656,8.838755831,132.2492043,19743.00686,367.5563679,5719.236021,240.5514459
414,1970,South Shore,9.946236559,7.548443667,98.3446617,16846.25605,299.3008712,4365.860219,161.3496255
420,1971,South Shore,9.24369748,7.394058741,94.28800746,16499.66189,291.13415,4050.420173,142.8895452
426,1973,South Shore,7.337526205,8.676018333,127.9730759,19377.66118,358.9478086,3194.549269,92.8025454
432,1974,South Shore,4.705882353,8.458513092,122.2578576,18889.36191,347.4421213,2012.941179,23.65285938
438,1975,South Shore,6.50887574,8.053419096,111.6135135,17979.92589,326.0132821,2822.48521,71.02873302
444,1976,South Shore,9.174311927,6.913260109,81.65443078,15420.26896,265.7006539,4019.266059,141.0663543
450,1977,South Shore,15.65349544,5.18113745,36.14077286,11531.65359,174.0740726,6928.41946,311.3148875
456,1978,South Shore,6.25,2.217977629,-41.71990389,4879.359782,17.32754971,2706.250003,64.22645386
462,1979,South Shore,2.680412371,1.31181717,-65.53038689,2845.02955,-30.60692216,1103.505156,-29.56886103
468,1980,South Shore,0.808080808,0.982988582,-74.17076336,2106.809369,-48.00144049,262.8282832,-78.76668072
474,1981,South Shore,0.51369863,1.599714214,-57.96553719,3491.358414,-15.37761855,130.6506851,-86.5019353
480,1982,South Shore,0.837696335,2.465832619,-35.2072085,5435.794236,30.43869129,276.1256548,-77.98849624
486,1983,South Shore,1.719197707,2.872866691,-24.51188656,6349.585727,51.97015743,671.9197712,-54.82596114
492,1984,South Shore,1.03626943,3.257423018,-14.40719504,7212.914683,72.31258608,365.2849745,-72.7707434
498,1985,South Shore,3.891708968,4.367999813,14.77457915,9706.159589,131.0603626,1647.377328,2.259450123
504,1986,South Shore,4.844290657,4.844290657,27.28970817,10775.43254,156.2554038,2075.086507,27.28970817
3,1902,S. Woodlawn,8.695652174,5.247666948,-11.96922221,0,-23.31231547,5.522914209,45.87149526
9,1903,S. Woodlawn,8.240534522,4.389039657,-26.37288558,-16.36207669,-35.86001322,0,38.23679563
15,1904,S. Woodlawn,4.301075269,3.583038016,-39.89374201,-31.72131441,-47.63865699,-47.80587039,-27.84850772
21,1905,S. Woodlawn,2.605863192,3.675203915,-38.3476386,-29.96499299,-46.29177476,-68.37749802,-56.28606657
27,1906,S. Woodlawn,2.395209581,5.820697942,-2.356500086,10.91972872,-14.93822835,-70.93380806,-59.81982765
33,1907,S. Woodlawn,4.402515723,8.780570052,47.2960115,67.32331034,28.31637238,-46.57487677,-26.14682159
39,1908,S. Woodlawn,4.210526316,8.483400241,42.31092196,61.66041644,23.97363018,-48.90469417,-29.3674865
45,1909,S. Woodlawn,4.761904762,7.857901476,31.81804135,49.74085731,14.83279627,-42.21364222,-20.11799069
51,1910,S. Woodlawn,13.33333333,8.828597447,48.10168171,68.23852457,29.01822898,61.80180174,123.669626
57,1911,S. Woodlawn,17.19457013,7.226232333,21.22165127,37.70371491,5.601790481,108.6584321,188.4427303
63,1912,S. Woodlawn,2.916666667,5.179429676,-13.11391759,-1.300335415,-24.30951259,-64.60585586,-51.07226929
69,1913,S. Woodlawn,1.083032491,6.655433166,11.64636857,26.8265161,-2.739681426,-86.85725437,-81.83188958
75,1914,S. Woodlawn,9.615384616,7.972917577,33.74746199,51.93261419,16.51360387,16.68399168,61.30021111
81,1915,S. Woodlawn,5.321507761,7.967648873,33.6590783,51.8322133,16.43660876,-35.4227842,-10.73052618
87,1916,S. Woodlawn,6.960556844,7.889262814,32.34413476,50.33848171,15.29110058,-15.53270209,16.76488599
93,1917,S. Woodlawn,10.29668412,6.976193361,17.02719203,32.93895041,1.947802912,24.95165323,72.72916151
99,1918,S. Woodlawn,7.670454546,6.684812338,12.1392107,27.38636817,-2.31034384,-6.917997546,28.6735775
105,1919,S. Woodlawn,9.589041095,7.522814453,26.19688217,43.35540971,9.93594436,16.36430949,60.8582927
111,1920,S. Woodlawn,4.929577465,5.934417999,-0.448820902,13.08678805,-13.27636073,-40.17891131,-17.30524388
117,1921,S. Woodlawn,2.39520958,5.831303114,-2.178595976,11.1218218,-14.78324785,-70.93380807,-59.81982767
123,1922,S. Woodlawn,8.839779005,6.86486624,15.15965487,30.81749106,0.32090486,7.271912779,48.28925484
129,1923,S. Woodlawn,11.86046512,6.90235791,15.78858595,31.5319356,0.868795832,43.92834698,98.96193487
135,1924,S. Woodlawn,1.647058823,6.606214252,10.82071036,25.88859617,-3.458950507,-80.01271861,-72.37022267
141,1925,S. Woodlawn,4.414003043,9.111197391,52.84235851,73.62377381,33.14805193,-46.43547659,-25.95411925
147,1926,S. Woodlawn,7.56302521,12.34604384,107.1076257,135.2672905,80.42103753,-8.221667056,26.87142655
153,1927,S. Woodlawn,9.027237354,14.058245,135.8301802,167.8951454,105.442584,9.546745177,51.43391025
159,1928,S. Woodlawn,10.37974683,16.83182264,182.3575607,220.7486833,145.9747384,25.95963044,74.12255691
165,1929,S. Woodlawn,14.17197452,17.2753134,189.7972166,229.199882,152.455767,71.97882591,137.7380181
171,1930,S. Woodlawn,20.58823529,18.93484562,217.6362379,260.824073,176.7076268,149.8410174,245.3722166
177,1931,S. Woodlawn,16.12403101,18.41552492,208.924518,250.9278524,169.1184444,95.66729521,170.484199
183,1932,S. Woodlawn,22.89512555,18.04159591,202.6517758,243.8022285,163.6539684,177.8354425,284.0708128
189,1933,S. Woodlawn,12.59720062,17.62923747,195.7343714,235.9442899,157.6278973,52.86873183,111.3208364
195,1934,S. Woodlawn,22.46963562,17.7283075,197.3962932,237.8321772,159.0756743,172.6720647,276.9331248
201,1935,S. Woodlawn,17.9916318,17.72922574,197.4116969,237.8496752,159.0890931,118.3308832,201.8136168
207,1936,S. Woodlawn,14.25438596,18.52449206,210.7524659,253.0043397,170.7108544,72.97889988,139.1204883
213,1937,S. Woodlawn,20.83333333,22.29900186,274.0707056,324.9317284,225.8703033,152.8153152,249.4837907
219,1938,S. Woodlawn,13.09255079,21.9473641,268.1719041,318.2308884,220.7315843,58.87987308,119.6304455
225,1939,S. Woodlawn,22.47422681,21.14703576,254.7462185,302.9797616,209.0358483,172.7277794,277.010143
231,1940,S. Woodlawn,21.96796339,19.11595851,220.6744469,264.2753761,179.3543513,166.5842044,268.5174618
237,1941,S. Woodlawn,33.12693498,16.75626414,181.0900501,219.3088339,144.8705512,301.9998326,455.711687
243,1942,S. Woodlawn,19.07514451,11.02473189,84.94232448,110.0882545,61.11181783,131.4794563,219.989783
249,1943,S. Woodlawn,9.090909092,8.638274418,44.90897067,64.61171229,26.23691063,10.31941032,52.50201779
255,1944,S. Woodlawn,12.31884058,8.334452913,39.81229749,58.82206313,21.79696274,49.49079513,106.651285
261,1945,S. Woodlawn,10.16949153,6.842907019,14.79128406,30.39903422,0,23.40815396,70.59547758
267,1946,S. Woodlawn,4.469273743,6.281401351,5.371901848,19.69893314,-8.205659765,-45.76475918,-25.02694099
273,1947,S. Woodlawn,7.142857144,6.551339706,9.900177665,24.84290202,-4.260869136,-13.32046332,19.82301398
279,1948,S. Woodlawn,7.571801566,6.714808078,12.64239589,27.95796961,-1.871995932,-8.11516479,27.01865187
285,1949,S. Woodlawn,4.861111112,5.452020092,-8.541152859,3.894171376,-20.32596561,-41.00975975,-18.45378215
291,1950,S. Woodlawn,7.36196319,5.279797869,-11.43021887,0.612289654,-22.84276471,-10.66158184,23.49856653
297,1951,S. Woodlawn,5.818965517,4.549592731,-23.67957213,-13.30256328,-33.51374323,-29.38606711,-2.385561906
303,1952,S. Woodlawn,7.960199005,4.442137656,-25.48215486,-15.35023658,-35.08405647,-3.401909382,33.53410511
309,1953,S. Woodlawn,1.257861635,3.373236688,-43.41320585,-35.71930685,-50.70462482,-84.73567908,-78.89909188
315,1954,S. Woodlawn,4,3.683462114,-38.20910548,-29.80762402,-46.17109214,-51.45945946,-32.89911218
321,1955,S. Woodlawn,3.7109375,2.912156519,-51.14792804,-44.50569086,-57.44269927,-54.96727196,-37.74819978
327,1956,S. Woodlawn,5.281690141,2.214413463,-62.85272266,-57.80194351,-67.63928756,-35.9059764,-11.39847559
333,1957,S. Woodlawn,2.615694165,1.251972148,-78.99788933,-76.14230932,-81.70408943,-68.25819784,-56.12114982
339,1958,S. Woodlawn,2.808988764,1.024399818,-82.81546569,-80.47894754,-85.02975687,-65.91254176,-52.87859002
345,1959,S. Woodlawn,0.143472023,0.523577675,-91.21686829,-90.02265807,-92.34860749,-98.25894761,-97.59322497
351,1960,S. Woodlawn,0.222222222,0.729389133,-87.7643354,-86.10069693,-89.34094631,-97.30330331,-96.2721729
357,1961,S. Woodlawn,0.469483568,0.876332248,-85.29933203,-83.30053608,-87.19356779,-94.30275346,-92.12430894
363,1962,S. Woodlawn,1.477832512,0.98344056,-83.50256633,-81.25947074,-85.62832204,-82.06630276,-75.2090316
369,1963,S. Woodlawn,0.304878049,0.814992702,-86.32831654,-84.46942785,-88.08996382,-96.30026368,-94.88560306
375,1964,S. Woodlawn,1.172529314,0.871319145,-85.38342796,-83.39606623,-87.26682765,-85.77119833,-80.33056051
381,1965,S. Woodlawn,0.956937799,0.691383541,-88.40188764,-86.82493482,-89.89634757,-88.38743049,-83.94715603
387,1966,S. Woodlawn,1.005025125,0.526877702,-91.16150961,-89.95977247,-92.30038198,-87.8038843,-83.14048046
393,1967,S. Woodlawn,0.635593221,0.381895086,-93.59362517,-92.72257387,-94.41911041,-92.28699037,-89.33778264
399,1968,S. Woodlawn,0.586510264,0.296705163,-95.02270504,-94.34596049,-95.66404802,-92.88261869,-90.16116014
405,1969,S. Woodlawn,0.272851296,0.355873698,-94.03013973,-93.21843971,-94.79937844,-96.68891265,-95.42285895
411,1970,S. Woodlawn,0.134408602,0.419646634,-92.96033457,-92.00317707,-93.86742166,-98.36893345,-97.74526587
417,1971,S. Woodlawn,0.280112045,0.423345953,-92.89827767,-91.93268251,-93.81336101,-96.60080248,-95.30105827
423,1973,S. Woodlawn,0.209643606,0.488904092,-91.79852535,-90.6834009,-92.85531587,-97.45594651,-96.48318198
429,1974,S. Woodlawn,0.882352941,0.741093018,-87.56800014,-85.87766669,-89.16990958,-89.29252783,-85.19833357
435,1975,S. Woodlawn,0.591715976,0.647096656,-89.14480997,-87.66886956,-90.54354159,-92.81944667,-90.07383317
441,1976,S. Woodlawn,0.152905199,0.609561542,-89.77446984,-88.38414198,-91.09206745,-98.14447475,-97.43498135
447,1977,S. Woodlawn,0.607902736,0.613227077,-89.71297967,-88.31429122,-91.03850051,-92.62301815,-89.80229668
453,1978,S. Woodlawn,1.470588236,0.554473755,-90.69857969,-89.43389966,-91.8971023,-82.15421303,-75.33055594
459,1979,S. Woodlawn,0.412371134,0.289009403,-95.15180312,-94.49261156,-95.77651132,-94.99582056,-93.0823827
465,1980,S. Woodlawn,0.404040405,0.206535176,-96.53532658,-96.06424763,-96.98176264,-95.09691509,-93.22213253
471,1981,S. Woodlawn,0.171232876,0.159568043,-97.32321066,-96.95925743,-97.66812493,-97.92206591,-97.1275305
477,1982,S. Woodlawn,0.314136125,0.286797823,-95.18890287,-94.53475562,-95.80883063,-96.18791567,-94.73029678
483,1983,S. Woodlawn,0.143266475,0.279963247,-95.30355439,-94.66499589,-95.90870888,-98.26144197,-97.59667308
489,1984,S. Woodlawn,0,0.325528838,-94.53918149,-93.79669401,-95.24282827,-100,-100
495,1985,S. Woodlawn,0.169204738,0.488293257,-91.80877224,-90.69504102,-92.86424241,-97.94667764,-97.16155296
501,1986,S. Woodlawn,0.807381776,0.807381776,-86.45599151,-84.61446231,-88.20118739,-90.20231304,-86.45599151