Location,Date,Value,Blah
DEU,2000-01,5.539524,1
DEU,2000-02,5.508572,2
DEU,2000-03,5.333044,3
DEU,2000-04,5.225555,3
DEU,2000-05,5.378182,3
DEU,2000-06,5.191364,4
DEU,2000-07,5.266191,5
DEU,2000-08,5.210435,6
DEU,2000-09,5.263333,6
DEU,2000-10,5.207143,6
DEU,2000-11,5.153636,6
DEU,2000-12,4.890526,7.254545455
DEU,2001-01,4.803182,7.781818182
DEU,2001-02,4.7775,8.309090909
DEU,2001-03,4.667727,8.836363636
DEU,2001-04,4.827895,9.363636364
DEU,2001-05,5.046818,9.890909091
DEU,2001-06,5,10.41818182
DEU,2001-07,5.015909,10.94545455
DEU,2001-08,4.823913,11.47272727
DEU,2001-09,4.813,12
DEU,2001-10,4.599565,12.52727273
DEU,2001-11,4.447727,13.05454545
DEU,2001-12,4.735882,13.58181818
DEU,2002-01,4.862727,14.10909091
DEU,2002-02,4.9195,14.63636364
DEU,2002-03,5.161,15.16363636
DEU,2002-04,5.155238,15.69090909
DEU,2002-05,5.167727,16.21818182
DEU,2002-06,5.0175,16.74545455
DEU,2002-07,4.867391,17.27272727
DEU,2002-08,4.589545,1
DEU,2002-09,4.385238,1
DEU,2002-10,4.463913,1
DEU,2002-11,4.477619,1
DEU,2002-12,4.335556,1
DEU,2003-01,4.18,1
DEU,2003-02,3.955,1
DEU,2003-03,4.000476,1
DEU,2003-04,4.147,2
DEU,2003-05,3.815238,2
DEU,2003-06,3.616667,2
DEU,2003-07,3.972609,2
DEU,2003-08,4.13,3
DEU,2003-09,4.171364,3
DEU,2003-10,4.221304,3
DEU,2003-11,4.353,3
DEU,2003-12,4.291053,3.15
DEU,2004-01,4.170952,3.314705882
DEU,2004-02,4.11,3.479411765
DEU,2004-03,3.913478,3.644117647
DEU,2004-04,4.097,3.808823529
DEU,2004-05,4.253334,3.973529412
DEU,2004-06,4.312727,4.138235294
DEU,2004-07,4.236818,4.302941176
DEU,2004-08,4.080454,4.467647059
DEU,2004-09,4.016364,4.632352941
DEU,2004-10,3.894762,4.797058824
DEU,2004-11,3.780455,4.961764706
DEU,2004-12,3.579524,5.126470588
DEU,2005-01,3.564762,5.291176471
DEU,2005-02,3.544,5.455882353
DEU,2005-03,3.69619,5.620588235
DEU,2005-04,3.482381,5.785294118
DEU,2005-05,3.304091,5.95
DEU,2005-06,3.126364,6.114705882
DEU,2005-07,3.205714,6.279411765
DEU,2005-08,3.232609,6.444117647
DEU,2005-09,3.067727,6.608823529
DEU,2005-10,3.238571,6.773529412
DEU,2005-11,3.448182,6.938235294
DEU,2005-12,3.337619,7.102941176
DEU,2006-01,3.321364,7.267647059
DEU,2006-02,3.4725,7.432352941
DEU,2006-03,3.637391,7.597058824
DEU,2006-04,3.895,7.761764706
DEU,2006-05,3.962727,7.926470588
DEU,2006-06,3.960454,8.091176471
DEU,2006-07,4.01,8.255882353
DEU,2006-08,3.883913,8.420588235
DEU,2006-09,3.753809,8.585294118
DEU,2006-10,3.787727,8.75
DEU,2006-11,3.714091,8.914705882
DEU,2006-12,3.770526,9.079411765
DEU,2007-01,4.016818,9.244117647
DEU,2007-02,4.049,9.408823529
DEU,2007-03,3.940909,9.573529412
DEU,2007-04,4.152105,9.738235294
DEU,2007-05,4.279047,9.902941176
DEU,2007-06,4.560476,10.06764706
DEU,2007-07,4.505,10.23235294
DEU,2007-08,4.296522,10.39705882
DEU,2007-09,4.226,10.56176471
DEU,2007-10,4.282609,10.72647059
DEU,2007-11,4.089091,10.89117647
DEU,2007-12,4.205883,11.05588235
DEU,2008-01,4.027727,11.22058824
DEU,2008-02,3.952857,11.38529412
DEU,2008-03,3.799474,11.55
DEU,2008-04,4.04,11.71470588
DEU,2008-05,4.201905,11.87941176
DEU,2008-06,4.520476,12.04411765
DEU,2008-07,4.490435,12.20882353
DEU,2008-08,4.202381,12.37352941
DEU,2008-09,4.094091,12.53823529
DEU,2008-10,3.883478,12.70294118
DEU,2008-11,3.5565,12.86764706
DEU,2008-12,3.047895,13.03235294
DEU,2009-01,3.070952,13.19705882
DEU,2009-02,3.1275,13.36176471
DEU,2009-03,3.019546,13.52647059
DEU,2009-04,3.133,13.69117647
DEU,2009-05,3.371,13.85588235
DEU,2009-06,3.473636,14.02058824
DEU,2009-07,3.337826,14.18529412
DEU,2009-08,3.305238,14.35
DEU,2009-09,3.263182,14.51470588
DEU,2009-10,3.209091,14.67941176
DEU,2009-11,3.217143,14.84411765
DEU,2009-12,3.1385,15.00882353
DEU,2010-01,3.2575,15.17352941
DEU,2010-02,3.17,15.33823529
DEU,2010-03,3.102174,15.50294118
DEU,2010-04,3.0645,15.66764706
DEU,2010-05,2.734286,15.83235294
DEU,2010-06,2.543182,15.99705882
DEU,2010-07,2.615909,16.16176471
DEU,2010-08,2.35,16.32647059
DEU,2010-09,2.300455,16.49117647
DEU,2010-10,2.345714,16.65588235
DEU,2010-11,2.532727,16.82058824
DEU,2010-12,2.914762,16.98529412
DEU,2011-01,3.016667,17.15
DEU,2011-02,3.199,17.31470588
DEU,2011-03,3.211739,17.47941176
DEU,2011-04,3.340526,17.64411765
DEU,2011-05,3.060909,17.80882353
DEU,2011-06,2.890909,17.97352941
DEU,2011-07,2.743809,18.13823529
DEU,2011-08,2.213478,18.30294118
DEU,2011-09,1.829091,18.46764706
DEU,2011-10,2.002381,18.63235294
DEU,2011-11,1.874091,18.79705882
DEU,2011-12,1.927619,18.96176471
DEU,2012-01,1.820909,19.12647059
DEU,2012-02,1.851905,19.29117647
DEU,2012-03,1.830455,19.45588235
DEU,2012-04,1.62421,19.62058824
DEU,2012-05,1.336818,19.78529412
DEU,2012-06,1.300476,19.95
DEU,2012-07,1.242273,20.11470588
DEU,2012-08,1.341739,20.27941176
DEU,2012-09,1.4905,20.44411765
DEU,2012-10,1.466956,20.60882353
DEU,2012-11,1.335909,20.77352941
DEU,2012-12,1.299412,20.93823529
DEU,2013-01,1.512273,21.10294118
DEU,2013-02,1.5435,21.26764706
DEU,2013-03,1.3545,21.43235294
DEU,2013-04,1.19619,21.59705882
DEU,2013-05,1.294091,21.76176471
DEU,2013-06,1.5305,21.92647059
DEU,2013-07,1.565652,22.09117647
DEU,2013-08,1.735,22.25588235
DEU,2013-09,1.888095,22.42058824
DEU,2013-10,1.762174,22.58529412
DEU,2013-11,1.677143,22.75
DEU,2013-12,1.797778,22.91470588
DEU,2014-01,1.755909,23.07941176
DEU,2014-02,1.5585,23.24411765
DEU,2014-03,1.508571,23.40882353
DEU,2014-04,1.4565,23.57352941
DEU,2014-05,1.327143,23.73823529
DEU,2014-06,1.264286,23.90294118
DEU,2014-07,1.114348,24.06764706
DEU,2014-08,0.9561905,24.23235294
DEU,2014-09,0.9213637,24.39705882
DEU,2014-10,0.7909091,24.56176471
DEU,2014-11,0.719,24.72647059
DEU,2014-12,0.5889474,1
DEU,2015-01,0.39,1
DEU,2015-02,0.302,1
DEU,2015-03,0.2272727,1
DEU,2015-04,0.122,1
DEU,2015-05,0.5557895,1
DEU,2015-06,0.7927273,1
DEU,2015-07,0.71,1
DEU,2015-08,0.6085714,1
DEU,2015-09,0.6540909,1
DEU,2015-10,0.5181818,1
DEU,2015-11,0.5161905,1
DEU,2015-12,0.5455,1
DEU,2016-01,0.4305,1
DEU,2016-02,0.1728572,1
DEU,2016-03,0.1714286,1
DEU,2016-04,0.1342857,1
DEU,2016-05,0.1328571,1
DEU,2016-06,-0.01681818,1
DEU,2016-07,-0.1542857,1
DEU,2016-08,-0.1317391,1
DEU,2016-09,-0.08409091,1
DEU,2016-10,0.002,2
DEU,2016-11,0.1890909,2
DEU,2016-12,0.2519048,2
DEU,2017-01,0.2509091,2
DEU,2017-02,0.258,2
DEU,2017-03,0.3482609,2
DEU,2017-04,0.2255556,2
DEU,2017-05,0.3363636,2
DEU,2017-06,0.2504762,2
DEU,2017-07,0.4557143,2
DEU,2017-08,0.3460869,3
DEU,2017-09,0.3471428,3
DEU,2017-10,0.3725,3
DEU,2017-11,0.3081818,3
DEU,2017-12,0.2968421,3
DEU,2018-01,0.4745454,3
DEU,2018-02,0.659,3
DEU,2018-03,0.5295238,3
DEU,2018-04,0.48,3
DEU,2018-05,0.45,3
DEU,2018-06,0.3271429,3
DEU,2018-07,0.2745455,3
DEU,2018-08,0.2908696,3
DEU,2018-09,0.3705,3
DEU,2018-10,0.3990909,3.344202899
DEU,2018-11,0.3140909,3.405072464
DEU,2018-12,0.1870588,3.465942029
DEU,2019-01,0.1327273,3.526811594
DEU,2019-02,0.0555,3.587681159
DEU,2019-03,0.01095238,3.648550725
DEU,2019-04,-0.0395,3.70942029
DEU,2019-05,-0.1345455,3.770289855
DEU,2019-06,-0.3152632,3.83115942
DEU,2019-07,-0.3882609,3.892028986
DEU,2019-08,-0.6490909,3.952898551
DEU,2019-09,-0.5947619,4.013768116
DEU,2019-10,-0.4695455,4.074637681
DEU,2019-11,-0.352381,4.135507246
DEU,2019-12,-0.2994444,4.196376812
DEU,2020-01,-0.3136364,4.257246377
DEU,2020-02,-0.466,4.318115942
DEU,2020-03,-0.5413637,4.378985507
DEU,2020-04,-0.4495,4.439855072
DEU,2020-05,-0.5165,4.500724638
DEU,2020-06,-0.4342857,4.561594203
DEU,2020-07,-0.5230435,4.622463768
DEU,2020-08,-0.5233333,4.683333333
DEU,2020-09,-0.5240909,4.744202899
DEU,2020-10,-0.6072727,4.805072464
DEU,2020-11,-0.6147619,4.865942029
DEU,2020-12,-0.6185,4.926811594
CAN,2000-01,6.4915,4.987681159
CAN,2000-02,6.338572,5.048550725
CAN,2000-03,6.028261,5.10942029
CAN,2000-04,5.924211,5.170289855
CAN,2000-05,6.215,5.23115942
CAN,2000-06,5.895454,5.292028986
CAN,2000-07,5.8635,5.352898551
CAN,2000-08,5.766364,5.413768116
CAN,2000-09,5.7295,5.474637681
CAN,2000-10,5.723333,5.535507246
CAN,2000-11,5.727143,5.596376812
CAN,2000-12,5.402105,5.657246377
CAN,2001-01,5.418636,5.718115942
CAN,2001-02,5.43,5.778985507
CAN,2001-03,5.301363,5.839855072
CAN,2001-04,5.5915,5.900724638
CAN,2001-05,5.851364,5.961594203
CAN,2001-06,5.718095,6.022463768
CAN,2001-07,5.800476,6.083333333
CAN,2001-08,5.530909,6.144202899
CAN,2001-09,5.302631,6.205072464
CAN,2001-10,5.232727,6.265942029
CAN,2001-11,5.177143,6.326811594
CAN,2001-12,5.408421,6.387681159
CAN,2002-01,5.343637,6.448550725
CAN,2002-02,5.321,6.50942029
CAN,2002-03,5.667,6.570289855
CAN,2002-04,5.658637,6.63115942
CAN,2002-05,5.595909,6.692028986
CAN,2002-06,5.424,6.752898551
CAN,2002-07,5.290454,6.813768116
CAN,2002-08,5.120476,6.874637681
CAN,2002-09,4.8855,6.935507246
CAN,2002-10,5.127273,6.996376812
CAN,2002-11,5.0895,7.057246377
CAN,2002-12,4.9675,7.118115942
CAN,2003-01,4.961818,7.178985507
CAN,2003-02,5.012,7.239855072
CAN,2003-03,4.997143,7.300724638
CAN,2003-04,5.051905,7.361594203
CAN,2003-05,4.671905,7.422463768
CAN,2003-06,4.288095,7.483333333
CAN,2003-07,4.683182,7.544202899
CAN,2003-08,4.902,7.605072464
CAN,2003-09,4.757143,7.665942029
CAN,2003-10,4.815454,7.726811594
CAN,2003-11,4.856842,7.787681159
CAN,2003-12,4.729048,7.848550725
CAN,2004-01,4.586191,7.90942029
CAN,2004-02,4.4515,7.970289855
CAN,2004-03,4.260435,8.03115942
CAN,2004-04,4.612857,8.092028986
CAN,2004-05,4.773,8.152898551
CAN,2004-06,4.932727,8.213768116
CAN,2004-07,4.75,8.274637681
CAN,2004-08,4.630952,8.335507246
CAN,2004-09,4.602381,8.396376812
CAN,2004-10,4.55,8.457246377
CAN,2004-11,4.484762,8.518115942
CAN,2004-12,4.320476,8.578985507
CAN,2005-01,4.2605,8.639855072
CAN,2005-02,4.205,1
CAN,2005-03,4.358182,1
CAN,2005-04,4.19381,1
CAN,2005-05,4.07381,1
CAN,2005-06,3.828182,1
CAN,2005-07,3.8995,1
CAN,2005-08,3.920455,1
CAN,2005-09,3.868572,1
CAN,2005-10,4.047,1
CAN,2005-11,4.107143,1
CAN,2005-12,4.041,2
CAN,2006-01,4.029047,2
CAN,2006-02,4.17,2
CAN,2006-03,4.199565,2
CAN,2006-04,4.41579,2
CAN,2006-05,4.399546,2
CAN,2006-06,4.441364,2
CAN,2006-07,4.444,2
CAN,2006-08,4.252728,2
CAN,2006-09,4.068572,2
CAN,2006-10,4.106667,2
CAN,2006-11,3.999524,2
CAN,2006-12,3.966316,2
CAN,2007-01,4.121818,2
CAN,2007-02,4.1175,2
CAN,2007-03,4.045909,2
CAN,2007-04,4.1715,2
CAN,2007-05,4.292727,2
CAN,2007-06,4.612857,2
CAN,2007-07,4.59,2
CAN,2007-08,4.428637,2
CAN,2007-09,4.356316,2
CAN,2007-10,4.362727,2
CAN,2007-11,4.121428,2
CAN,2007-12,4.01579,2
CAN,2008-01,3.848182,2
CAN,2008-02,3.828,2
CAN,2008-03,3.509,2
CAN,2008-04,3.628636,2
CAN,2008-05,3.621428,2
CAN,2008-06,3.76,2
CAN,2008-07,3.750454,2
CAN,2008-08,3.5915,2
CAN,2008-09,3.540952,2
CAN,2008-10,3.668182,2
CAN,2008-11,3.571579,2
CAN,2008-12,2.945714,2
CAN,2009-01,2.812381,2
CAN,2009-02,2.960526,2
CAN,2009-03,2.885909,2
CAN,2009-04,2.954286,2
CAN,2009-05,3.202,2
CAN,2009-06,3.459091,2
CAN,2009-07,3.429091,2
CAN,2009-08,3.4645,2
CAN,2009-09,3.365714,2
CAN,2009-10,3.425238,2
CAN,2009-11,3.3925,2
CAN,2009-12,3.41619,2
CAN,2010-01,3.485,2
CAN,2010-02,3.423684,2
CAN,2010-03,3.490435,2
CAN,2010-04,3.67,2
CAN,2010-05,3.4455,2
CAN,2010-06,3.297727,2
CAN,2010-07,3.185238,2
CAN,2010-08,2.949524,2
CAN,2010-09,2.881428,2
CAN,2010-10,2.766,2
CAN,2010-11,3.022381,2
CAN,2010-12,3.204762,2
CAN,2011-01,3.253,2
CAN,2011-02,3.417368,2
CAN,2011-03,3.266522,2
CAN,2011-04,3.328,2
CAN,2011-05,3.151905,2
CAN,2011-06,2.987727,2
CAN,2011-07,2.9385,2
CAN,2011-08,2.446364,2
CAN,2011-09,2.196667,2
CAN,2011-10,2.296,2
CAN,2011-11,2.122381,2
CAN,2011-12,1.992,2
CAN,2012-01,1.98,2
CAN,2012-02,2.021,2
CAN,2012-03,2.106818,2
CAN,2012-04,2.0645,2
CAN,2012-05,1.922273,2
CAN,2012-06,1.747619,2
CAN,2012-07,1.656191,2
CAN,2012-08,1.826818,2
CAN,2012-09,1.837895,2
CAN,2012-10,1.811818,2
CAN,2012-11,1.738095,2
CAN,2012-12,1.767895,2
CAN,2013-01,1.931364,2
CAN,2013-02,1.967895,2
CAN,2013-03,1.8515,2
CAN,2013-04,1.748636,2
CAN,2013-05,1.901818,2
CAN,2013-06,2.2445,2
CAN,2013-07,2.438182,2
CAN,2013-08,2.611428,2
CAN,2013-09,2.698,2
CAN,2013-10,2.518182,2
CAN,2013-11,2.5585,2
CAN,2013-12,2.6735,2
CAN,2014-01,2.534091,2
CAN,2014-02,2.42,2
CAN,2014-03,2.454286,2
CAN,2014-04,2.444762,2
CAN,2014-05,2.315238,2
CAN,2014-06,2.298571,2
CAN,2014-07,2.194546,2
CAN,2014-08,2.062,2
CAN,2014-09,2.180952,2
CAN,2014-10,2.010455,2
CAN,2014-11,2.003158,2
CAN,2014-12,1.851905,2
CAN,2015-01,1.525714,2
CAN,2015-02,1.379474,2
CAN,2015-03,1.421364,2
CAN,2015-04,1.410952,2
CAN,2015-05,1.744,2
CAN,2015-06,1.78,2
CAN,2015-07,1.569546,2
CAN,2015-08,1.3915,2
CAN,2015-09,1.481429,2
CAN,2015-10,1.463333,2
CAN,2015-11,1.6335,2
CAN,2015-12,1.459524,2
CAN,2016-01,1.258,2
CAN,2016-02,1.1245,2
CAN,2016-03,1.268182,2
CAN,2016-04,1.33619,2
CAN,2016-05,1.35,2
CAN,2016-06,1.168182,2
CAN,2016-07,1.051,2
CAN,2016-08,1.042727,2
CAN,2016-09,1.08619,2
CAN,2016-10,1.1665,2
CAN,2016-11,1.437619,2
CAN,2016-12,1.732,2
CAN,2017-01,1.722381,2
CAN,2017-02,1.702105,2
CAN,2017-03,1.714348,2
CAN,2017-04,1.523158,2
CAN,2017-05,1.513182,2
CAN,2017-06,1.502727,2
CAN,2017-07,1.908,2
CAN,2017-08,1.883636,2
CAN,2017-09,2.0495,2
CAN,2017-10,2.050952,2
CAN,2017-11,1.918571,2
CAN,2017-12,1.915263,2
CAN,2018-01,2.198182,2
CAN,2018-02,2.324211,2
CAN,2018-03,2.188571,2
CAN,2018-04,2.249048,2
CAN,2018-05,2.375454,2
CAN,2018-06,2.209048,2
CAN,2018-07,2.187143,2
CAN,2018-08,2.295455,2
CAN,2018-09,2.353684,2
CAN,2018-10,2.488636,2
CAN,2018-11,2.407619,2
CAN,2018-12,2.057895,2
CAN,2019-01,1.953636,2
CAN,2019-02,1.907368,2
CAN,2019-03,1.712381,2
CAN,2019-04,1.724286,2
CAN,2019-05,1.664545,2
CAN,2019-06,1.4625,2
CAN,2019-07,1.519091,2
CAN,2019-08,1.205238,2
CAN,2019-09,1.364,2
CAN,2019-10,1.449546,2
CAN,2019-11,1.4995,2
CAN,2019-12,1.6045,2
CAN,2020-01,1.492273,2
CAN,2020-02,1.294737,2
CAN,2020-03,0.8190909,2
CAN,2020-04,0.6571429,2
CAN,2020-05,0.551,2
CAN,2020-06,0.5613636,2
CAN,2020-07,0.5163636,2
CAN,2020-08,0.5635,2
CAN,2020-09,0.5595238,2
CAN,2020-10,0.6028572,2
CAN,2020-11,0.6885,2
CAN,2020-12,0.7309524,2
ITA,2000-01,5.74797,2
ITA,2000-02,5.7264,2
ITA,2000-03,5.57685,2
ITA,2000-04,5.46569,2
ITA,2000-05,5.66472,2
ITA,2000-06,5.50964,2
ITA,2000-07,5.59131,2
ITA,2000-08,5.56267,2
ITA,2000-09,5.6323,2
ITA,2000-10,5.5784,2
ITA,2000-11,5.54812,2
ITA,2000-12,5.29808,2
ITA,2001-01,5.1831,2
ITA,2001-02,5.18368,2
ITA,2001-03,5.13048,2
ITA,2001-04,5.28228,2
ITA,2001-05,5.4487,2
ITA,2001-06,5.39902,2
ITA,2001-07,5.4162,2
ITA,2001-08,5.21455,2
ITA,2001-09,5.196,2
ITA,2001-10,4.96395,2
ITA,2001-11,4.80034,2
ITA,2001-12,5.04714,2
ITA,2002-01,5.14238,2
ITA,2002-02,5.19949,2
ITA,2002-03,5.41067,2
ITA,2002-04,5.40396,2
ITA,2002-05,5.40598,2
ITA,2002-06,5.25533,2
ITA,2002-07,5.10932,2
ITA,2002-08,4.82842,2
ITA,2002-09,4.61844,2
ITA,2002-10,4.75706,2
ITA,2002-11,4.7354,2
ITA,2002-12,4.54822,2
ITA,2003-01,4.37548,2
ITA,2003-02,4.15681,2
ITA,2003-03,4.18462,2
ITA,2003-04,4.31189,2
ITA,2003-05,4.03517,2
ITA,2003-06,3.82209,2
ITA,2003-07,4.13202,2
ITA,2003-08,4.29336,2
ITA,2003-09,4.31445,2
ITA,2003-10,4.38222,2
ITA,2003-11,4.51138,2
ITA,2003-12,4.4588,2
ITA,2004-01,4.31655,2
ITA,2004-02,4.34284,2
ITA,2004-03,4.16873,2
ITA,2004-04,4.35086,2
ITA,2004-05,4.49304,2
ITA,2004-06,4.54392,2
ITA,2004-07,4.43989,2
ITA,2004-08,4.27713,2
ITA,2004-09,4.25079,2
ITA,2004-10,4.12889,2
ITA,2004-11,3.99979,2
ITA,2004-12,3.79167,2
ITA,2005-01,3.71143,2
ITA,2005-02,3.67836,2
ITA,2005-03,3.83727,2
ITA,2005-04,3.65325,2
ITA,2005-05,3.55261,2
ITA,2005-06,3.40502,2
ITA,2005-07,3.43842,2
ITA,2005-08,3.44898,2
ITA,2005-09,3.28701,2
ITA,2005-10,3.44443,2
ITA,2005-11,3.65516,2
ITA,2005-12,3.55319,2
ITA,2006-01,3.54353,2
ITA,2006-02,3.69735,2
ITA,2006-03,3.92284,2
ITA,2006-04,4.22184,2
ITA,2006-05,4.28469,2
ITA,2006-06,4.29471,2
ITA,2006-07,4.30648,2
ITA,2006-08,4.1707,2
ITA,2006-09,4.03582,2
ITA,2006-10,4.06997,2
ITA,2006-11,3.97009,2
ITA,2006-12,4.0376,2
ITA,2007-01,4.2628,2
ITA,2007-02,4.28009,2
ITA,2007-03,4.17622,2
ITA,2007-04,4.37021,2
ITA,2007-05,4.48971,2
ITA,2007-06,4.77197,2
ITA,2007-07,4.76033,2
ITA,2007-08,4.58355,2
ITA,2007-09,4.57357,2
ITA,2007-10,4.59088,2
ITA,2007-11,4.44929,2
ITA,2007-12,4.53849,2
ITA,2008-01,4.39891,2
ITA,2008-02,4.35443,2
ITA,2008-03,4.37747,2
ITA,2008-04,4.53189,2
ITA,2008-05,4.70282,2
ITA,2008-06,5.10565,2
ITA,2008-07,5.09463,2
ITA,2008-08,4.81387,2
ITA,2008-09,4.8041,2
ITA,2008-10,4.78,2
ITA,2008-11,4.74252,2
ITA,2008-12,4.46882,2
ITA,2009-01,4.62129,2
ITA,2009-02,4.53581,2
ITA,2009-03,4.45835,2
ITA,2009-04,4.35597,2
ITA,2009-05,4.41509,2
ITA,2009-06,4.60624,2
ITA,2009-07,4.37291,2
ITA,2009-08,4.11556,2
ITA,2009-09,4.08809,2
ITA,2009-10,4.10144,2
ITA,2009-11,4.05652,2
ITA,2009-12,4.00728,2
ITA,2010-01,4.07788,2
ITA,2010-02,4.04712,2
ITA,2010-03,3.94527,2
ITA,2010-04,3.99558,2
ITA,2010-05,3.98492,2
ITA,2010-06,4.1022,2
ITA,2010-07,4.02583,2
ITA,2010-08,3.80208,2
ITA,2010-09,3.86227,2
ITA,2010-10,3.80021,2
ITA,2010-11,4.18408,2
ITA,2010-12,4.603,2
ITA,2011-01,4.72908,2
ITA,2011-02,4.73561,2
ITA,2011-03,4.87539,2
ITA,2011-04,4.84077,2
ITA,2011-05,4.75615,2
ITA,2011-06,4.81559,2
ITA,2011-07,5.46328,2
ITA,2011-08,5.27054,2
ITA,2011-09,5.7457,2
ITA,2011-10,5.9719,2
ITA,2011-11,7.05709,2
ITA,2011-12,6.81193,2
ITA,2012-01,6.5366,2
ITA,2012-02,5.54646,2
ITA,2012-03,5.04876,2
ITA,2012-04,5.67583,2
ITA,2012-05,5.78334,2
ITA,2012-06,5.90366,2
ITA,2012-07,5.99562,2
ITA,2012-08,5.82165,2
ITA,2012-09,5.2543,2
ITA,2012-10,4.95287,2
ITA,2012-11,4.85144,2
ITA,2012-12,4.54158,2
ITA,2013-01,4.20769,2
ITA,2013-02,4.4929,2
ITA,2013-03,4.64036,2
ITA,2013-04,4.27767,2
ITA,2013-05,3.96398,2
ITA,2013-06,4.37887,2
ITA,2013-07,4.41831,2
ITA,2013-08,4.41911,2
ITA,2013-09,4.54105,2
ITA,2013-10,4.24765,2
ITA,2013-11,4.09506,2
ITA,2013-12,4.11398,2
ITA,2014-01,3.86587,2
ITA,2014-02,3.65119,2
ITA,2014-03,3.39943,2
ITA,2014-04,3.22823,2
ITA,2014-05,3.12329,2
ITA,2014-06,2.91968,2
ITA,2014-07,2.79361,2
ITA,2014-08,2.6327,2
ITA,2014-09,2.40013,2
ITA,2014-10,2.4239,2
ITA,2014-11,2.29036,2
ITA,2014-12,1.9898,2
ITA,2015-01,1.70214,2
ITA,2015-02,1.55683,2
ITA,2015-03,1.29423,2
ITA,2015-04,1.3574,2
ITA,2015-05,1.81211,2
ITA,2015-06,2.19919,2
ITA,2015-07,2.04214,2
ITA,2015-08,1.83856,2
ITA,2015-09,1.92014,2
ITA,2015-10,1.69606,2
ITA,2015-11,1.57018,2
ITA,2015-12,1.57864,2
ITA,2016-01,1.5343,2
ITA,2016-02,1.5585,2
ITA,2016-03,1.37516,2
ITA,2016-04,1.44177,2
ITA,2016-05,1.52632,2
ITA,2016-06,1.45346,2
ITA,2016-07,1.22722,2
ITA,2016-08,1.17635,2
ITA,2016-09,1.26606,2
ITA,2016-10,1.45047,2
ITA,2016-11,1.94278,2
ITA,2016-12,1.88618,2
ITA,2017-01,1.99107,2
ITA,2017-02,2.35192,2
ITA,2017-03,2.40073,2
ITA,2017-04,2.25705,2
ITA,2017-05,2.19402,2
ITA,2017-06,2.05337,2
ITA,2017-07,2.23141,2
ITA,2017-08,2.10986,2
ITA,2017-09,2.10949,2
ITA,2017-10,2.07385,2
ITA,2017-11,1.78885,2
ITA,2017-12,1.79452,2
ITA,2018-01,1.98419,2
ITA,2018-02,2.08078,2
ITA,2018-03,1.96547,2
ITA,2018-04,1.77335,2
ITA,2018-05,2.17969,2
ITA,2018-06,2.74417,2
ITA,2018-07,2.64298,2
ITA,2018-08,3.16096,2
ITA,2018-09,2.9585,2
ITA,2018-10,3.46884,2
ITA,2018-11,3.39008,2
ITA,2018-12,2.97513,2
ITA,2019-01,2.77011,2
ITA,2019-02,2.81241,2
ITA,2019-03,2.68985,2
ITA,2019-04,2.61756,2
ITA,2019-05,2.64404,2
ITA,2019-06,2.28374,2
ITA,2019-07,1.6539,2
ITA,2019-08,1.40365,2
ITA,2019-09,0.90208,2
ITA,2019-10,1.00355,2
ITA,2019-11,1.26594,2
ITA,2019-12,1.37011,2
ITA,2020-01,1.27499,2
ITA,2020-02,0.9555,2
ITA,2020-03,1.55118,2
ITA,2020-04,1.79913,2
ITA,2020-05,1.76204,2
ITA,2020-06,1.4552,2
ITA,2020-07,1.19629,2
ITA,2020-08,1.03189,2
ITA,2020-09,0.98121,2
ITA,2020-10,0.77007,2
ITA,2020-11,0.66399,2
ITA,2020-12,0.57801,2
FRA,2000-01,5.6624,2
FRA,2000-02,5.6157,2
FRA,2000-03,5.4348,2
FRA,2000-04,5.3328,2
FRA,2000-05,5.5032,2
FRA,2000-06,5.3232,2
FRA,2000-07,5.399,2
FRA,2000-08,5.3604,2
FRA,2000-09,5.419,2
FRA,2000-10,5.355,2
FRA,2000-11,5.2855,2
FRA,2000-12,5.0426,2
FRA,2001-01,4.9405,2
FRA,2001-02,4.931,2
FRA,2001-03,4.8377,2
FRA,2001-04,5.0005,2
FRA,2001-05,5.2059,2
FRA,2001-06,5.1505,2
FRA,2001-07,5.1523,2
FRA,2001-08,4.953,2
FRA,2001-09,4.9415,2
FRA,2001-10,4.7196,2
FRA,2001-11,4.5745,2
FRA,2001-12,4.8665,2
FRA,2002-01,4.9268,2
FRA,2002-02,4.994,2
FRA,2002-03,5.243,2
FRA,2002-04,5.2424,2
FRA,2002-05,5.2552,2
FRA,2002-06,5.1125,2
FRA,2002-07,4.9552,2
FRA,2002-08,4.6732,2
FRA,2002-09,4.4624,2
FRA,2002-10,4.5526,2
FRA,2002-11,4.534,2
FRA,2002-12,4.3833,2
FRA,2003-01,4.2241,2
FRA,2003-02,4.012,2
FRA,2003-03,4.0981,2
FRA,2003-04,4.221,2
FRA,2003-05,3.8938,2
FRA,2003-06,3.6933,2
FRA,2003-07,4.0083,2
FRA,2003-08,4.1629,2
FRA,2003-09,4.23,2
FRA,2003-10,4.283,2
FRA,2003-11,4.4085,2
FRA,2003-12,4.3357,2
FRA,2004-01,4.1981,2
FRA,2004-02,4.1435,2
FRA,2004-03,3.9761,2
FRA,2004-04,4.1824,2
FRA,2004-05,4.3443,2
FRA,2004-06,4.3931,2
FRA,2004-07,4.2723,2
FRA,2004-08,4.1122,2
FRA,2004-09,4.0922,2
FRA,2004-10,3.9759,2
FRA,2004-11,3.8572,2
FRA,2004-12,3.6427,2
FRA,2005-01,3.5754,2
FRA,2005-02,3.599,2
FRA,2005-03,3.7514,2
FRA,2005-04,3.5428,2
FRA,2005-05,3.3768,2
FRA,2005-06,3.2017,2
FRA,2005-07,3.27,2
FRA,2005-08,3.2985,2
FRA,2005-09,3.132,2
FRA,2005-10,3.29,2
FRA,2005-11,3.4972,2
FRA,2005-12,3.3785,2
FRA,2006-01,3.3441,2
FRA,2006-02,3.508,2
FRA,2006-03,3.6854,2
FRA,2006-04,3.9535,2
FRA,2006-05,4.0014,2
FRA,2006-06,4.0062,2
FRA,2006-07,4.0252,2
FRA,2006-08,3.8975,2
FRA,2006-09,3.7694,2
FRA,2006-10,3.8075,2
FRA,2006-11,3.741,2
FRA,2006-12,3.8097,2
FRA,2007-01,4.0694,2
FRA,2007-02,4.096,2
FRA,2007-03,3.9968,2
FRA,2007-04,4.2079,2
FRA,2007-05,4.3368,2
FRA,2007-06,4.619,2
FRA,2007-07,4.5829,2
FRA,2007-08,4.3889,2
FRA,2007-09,4.3567,2
FRA,2007-10,4.4022,2
FRA,2007-11,4.2277,2
FRA,2007-12,4.3541,2
FRA,2008-01,4.15,2
FRA,2008-02,4.0792,2
FRA,2008-03,4.0194,2
FRA,2008-04,4.2699,2
FRA,2008-05,4.4059,2
FRA,2008-06,4.7337,2
FRA,2008-07,4.6903,2
FRA,2008-08,4.4018,2
FRA,2008-09,4.3619,2
FRA,2008-10,4.1836,2
FRA,2008-11,3.9767,2
FRA,2008-12,3.5395,2
FRA,2009-01,3.6016,2
FRA,2009-02,3.6781,2
FRA,2009-03,3.6474,2
FRA,2009-04,3.6591,2
FRA,2009-05,3.8045,2
FRA,2009-06,3.8997,2
FRA,2009-07,3.7329,2
FRA,2009-08,3.5874,2
FRA,2009-09,3.5869,2
FRA,2009-10,3.5579,2
FRA,2009-11,3.5552,2
FRA,2009-12,3.4751,2
FRA,2010-01,3.5157,2
FRA,2010-02,3.4981,2
FRA,2010-03,3.4374,2
FRA,2010-04,3.4016,2
FRA,2010-05,3.0757,2
FRA,2010-06,3.0732,2
FRA,2010-07,2.988,2
FRA,2010-08,2.6785,2
FRA,2010-09,2.6783,2
FRA,2010-10,2.7187,2
FRA,2010-11,2.9974,2
FRA,2010-12,3.3416,2
FRA,2011-01,3.4429,2
FRA,2011-02,3.6033,2
FRA,2011-03,3.6096,2
FRA,2011-04,3.69,2
FRA,2011-05,3.4892,2
FRA,2011-06,3.4305,2
FRA,2011-07,3.3994,2
FRA,2011-08,2.9845,2
FRA,2011-09,2.6444,2
FRA,2011-10,2.9925,2
FRA,2011-11,3.4075,2
FRA,2011-12,3.1589,2
FRA,2012-01,3.1797,2
FRA,2012-02,3.0158,2
FRA,2012-03,2.9542,2
FRA,2012-04,2.9935,2
FRA,2012-05,2.7518,2
FRA,2012-06,2.5694,2
FRA,2012-07,2.2752,2
FRA,2012-08,2.1194,2
FRA,2012-09,2.2372,2
FRA,2012-10,2.1857,2
FRA,2012-11,2.1397,2
FRA,2012-12,2.0103,2
FRA,2013-01,2.1652,2
FRA,2013-02,2.2446,2
FRA,2013-03,2.071,2
FRA,2013-04,1.8028,2
FRA,2013-05,1.8728,2
FRA,2013-06,2.2107,2
FRA,2013-07,2.2468,2
FRA,2013-08,2.3624,2
FRA,2013-09,2.4858,2
FRA,2013-10,2.3943,2
FRA,2013-11,2.265,2
FRA,2013-12,2.3308,2
FRA,2014-01,2.3841,2
FRA,2014-02,2.2527,2
FRA,2014-03,2.1519,2
FRA,2014-04,2.0257,2
FRA,2014-05,1.8384,2
FRA,2014-06,1.7119,2
FRA,2014-07,1.559,2
FRA,2014-08,1.4064,2
FRA,2014-09,1.3508,2
FRA,2014-10,1.2598,2
FRA,2014-11,1.1358,2
FRA,2014-12,0.9208,2
FRA,2015-01,0.6741,2
FRA,2015-02,0.5968,2
FRA,2015-03,0.5093,2
FRA,2015-04,0.435,2
FRA,2015-05,0.8888,2
FRA,2015-06,1.1955,2
FRA,2015-07,1.1136,2
FRA,2015-08,1.0051,2
FRA,2015-09,1.0046,2
FRA,2015-10,0.8652,2
FRA,2015-11,0.8831,2
FRA,2015-12,0.9312,2
FRA,2016-01,0.8428,2
FRA,2016-02,0.5923,2
FRA,2016-03,0.5093,2
FRA,2016-04,0.5142,2
FRA,2016-05,0.5095,2
FRA,2016-06,0.39,2
FRA,2016-07,0.1714,2
FRA,2016-08,0.1534,2
FRA,2016-09,0.1837,2
FRA,2016-10,0.3309,2
FRA,2016-11,0.6673,2
FRA,2016-12,0.7498,2
FRA,2017-01,0.8631,2
FRA,2017-02,1.0307,2
FRA,2017-03,1.0216,2
FRA,2017-04,0.8836,2
FRA,2017-05,0.8057,2
FRA,2017-06,0.6641,2
FRA,2017-07,0.8359,2
FRA,2017-08,0.7107,2
FRA,2017-09,0.699,2
FRA,2017-10,0.812,2
FRA,2017-11,0.7171,2
FRA,2017-12,0.6748,2
FRA,2018-01,0.859,2
FRA,2018-02,0.9818,2
FRA,2018-03,0.8352,2
FRA,2018-04,0.7784,2
FRA,2018-05,0.781,2
FRA,2018-06,0.754,2
FRA,2018-07,0.6653,2
FRA,2018-08,0.7045,2
FRA,2018-09,0.7658,2
FRA,2018-10,0.8229,2
FRA,2018-11,0.763,2
FRA,2018-12,0.6984,2
FRA,2019-01,0.6456,2
FRA,2019-02,0.5498,2
FRA,2019-03,0.437,2
FRA,2019-04,0.3718,2
FRA,2019-05,0.3045,2
FRA,2019-06,0.0791,2
FRA,2019-07,-0.069,2
FRA,2019-08,-0.3391,2
FRA,2019-09,-0.2757,2
FRA,2019-10,-0.1574,2
FRA,2019-11,-0.0204,2
FRA,2019-12,0.0362,2
FRA,2020-01,-0.007,2
FRA,2020-02,-0.1772,2
FRA,2020-03,-0.0584,2
FRA,2020-04,0.0578,2
FRA,2020-05,-0.0301,2
FRA,2020-06,-0.044,2
FRA,2020-07,-0.1478,2
FRA,2020-08,-0.1713,2
FRA,2020-09,-0.2072,2
FRA,2020-10,-0.2966,2
FRA,2020-11,-0.3262,2
FRA,2020-12,-0.3352,2
USA,2000-01,6.66,2
USA,2000-02,6.52,2
USA,2000-03,6.26,2
USA,2000-04,5.99,2
USA,2000-05,6.44,2
USA,2000-06,6.1,2
USA,2000-07,6.05,2
USA,2000-08,5.83,2
USA,2000-09,5.8,2
USA,2000-10,5.74,2
USA,2000-11,5.72,2
USA,2000-12,5.24,2
USA,2001-01,5.16,2
USA,2001-02,5.1,2
USA,2001-03,4.89,2
USA,2001-04,5.14,2
USA,2001-05,5.39,2
USA,2001-06,5.28,2
USA,2001-07,5.24,2
USA,2001-08,4.97,2
USA,2001-09,4.73,2
USA,2001-10,4.57,2
USA,2001-11,4.65,2
USA,2001-12,5.09,2
USA,2002-01,5.04,2
USA,2002-02,4.91,2
USA,2002-03,5.28,2
USA,2002-04,5.21,2
USA,2002-05,5.16,2
USA,2002-06,4.93,2
USA,2002-07,4.65,2
USA,2002-08,4.26,2
USA,2002-09,3.87,2
USA,2002-10,3.94,2
USA,2002-11,4.05,2
USA,2002-12,4.03,2
USA,2003-01,4.05,2
USA,2003-02,3.9,2
USA,2003-03,3.81,2
USA,2003-04,3.96,2
USA,2003-05,3.57,2
USA,2003-06,3.33,2
USA,2003-07,3.98,2
USA,2003-08,4.45,2
USA,2003-09,4.27,2
USA,2003-10,4.29,2
USA,2003-11,4.3,2
USA,2003-12,4.27,2
USA,2004-01,4.15,2
USA,2004-02,4.08,2
USA,2004-03,3.83,2
USA,2004-04,4.35,2
USA,2004-05,4.72,2
USA,2004-06,4.73,2
USA,2004-07,4.5,2
USA,2004-08,4.28,2
USA,2004-09,4.13,2
USA,2004-10,4.1,2
USA,2004-11,4.19,2
USA,2004-12,4.23,2
USA,2005-01,4.22,2
USA,2005-02,4.17,2
USA,2005-03,4.5,2
USA,2005-04,4.34,2
USA,2005-05,4.14,2
USA,2005-06,4,2
USA,2005-07,4.18,2
USA,2005-08,4.26,2
USA,2005-09,4.2,2
USA,2005-10,4.46,2
USA,2005-11,4.54,2
USA,2005-12,4.47,2
USA,2006-01,4.42,2
USA,2006-02,4.57,2
USA,2006-03,4.72,2
USA,2006-04,4.99,2
USA,2006-05,5.11,2
USA,2006-06,5.11,2
USA,2006-07,5.09,2
USA,2006-08,4.88,2
USA,2006-09,4.72,2
USA,2006-10,4.73,2
USA,2006-11,4.6,2
USA,2006-12,4.56,2
USA,2007-01,4.76,2
USA,2007-02,4.72,2
USA,2007-03,4.56,2
USA,2007-04,4.69,2
USA,2007-05,4.75,2
USA,2007-06,5.1,2
USA,2007-07,5,2
USA,2007-08,4.67,2
USA,2007-09,4.52,2
USA,2007-10,4.53,2
USA,2007-11,4.15,2
USA,2007-12,4.1,2
USA,2008-01,3.74,2
USA,2008-02,3.74,2
USA,2008-03,3.51,2
USA,2008-04,3.68,2
USA,2008-05,3.88,2
USA,2008-06,4.1,2
USA,2008-07,4.01,2
USA,2008-08,3.89,2
USA,2008-09,3.69,2
USA,2008-10,3.81,2
USA,2008-11,3.53,2
USA,2008-12,2.42,2
USA,2009-01,2.52,2
USA,2009-02,2.87,2
USA,2009-03,2.82,2
USA,2009-04,2.93,2
USA,2009-05,3.29,2
USA,2009-06,3.72,2
USA,2009-07,3.56,2
USA,2009-08,3.59,2
USA,2009-09,3.4,2
USA,2009-10,3.39,2
USA,2009-11,3.4,2
USA,2009-12,3.59,2
USA,2010-01,3.73,2
USA,2010-02,3.69,2
USA,2010-03,3.73,2
USA,2010-04,3.85,2
USA,2010-05,3.42,2
USA,2010-06,3.2,2
USA,2010-07,3.01,2
USA,2010-08,2.7,2
USA,2010-09,2.65,2
USA,2010-10,2.54,2
USA,2010-11,2.76,2
USA,2010-12,3.29,2
USA,2011-01,3.39,2
USA,2011-02,3.58,2
USA,2011-03,3.41,2
USA,2011-04,3.46,2
USA,2011-05,3.17,2
USA,2011-06,3,2
USA,2011-07,3,2
USA,2011-08,2.3,2
USA,2011-09,1.98,2
USA,2011-10,2.15,2
USA,2011-11,2.01,2
USA,2011-12,1.98,2
USA,2012-01,1.97,2
USA,2012-02,1.97,2
USA,2012-03,2.17,2
USA,2012-04,2.05,2
USA,2012-05,1.8,2
USA,2012-06,1.62,2
USA,2012-07,1.53,2
USA,2012-08,1.68,2
USA,2012-09,1.72,2
USA,2012-10,1.75,2
USA,2012-11,1.65,2
USA,2012-12,1.72,2
USA,2013-01,1.91,2
USA,2013-02,1.98,2
USA,2013-03,1.96,2
USA,2013-04,1.76,2
USA,2013-05,1.93,2
USA,2013-06,2.3,2
USA,2013-07,2.58,2
USA,2013-08,2.74,2
USA,2013-09,2.81,2
USA,2013-10,2.62,2
USA,2013-11,2.72,2
USA,2013-12,2.9,2
USA,2014-01,2.86,2
USA,2014-02,2.71,2
USA,2014-03,2.72,2
USA,2014-04,2.71,2
USA,2014-05,2.56,2
USA,2014-06,2.6,2
USA,2014-07,2.54,2
USA,2014-08,2.42,2
USA,2014-09,2.53,2
USA,2014-10,2.3,2
USA,2014-11,2.33,2
USA,2014-12,2.21,2
USA,2015-01,1.88,2
USA,2015-02,1.98,2
USA,2015-03,2.04,2
USA,2015-04,1.94,2
USA,2015-05,2.2,2
USA,2015-06,2.36,2
USA,2015-07,2.32,2
USA,2015-08,2.17,2
USA,2015-09,2.17,2
USA,2015-10,2.07,2
USA,2015-11,2.26,2
USA,2015-12,2.24,2
USA,2016-01,2.09,2
USA,2016-02,1.78,2
USA,2016-03,1.89,2
USA,2016-04,1.81,2
USA,2016-05,1.81,2
USA,2016-06,1.64,2
USA,2016-07,1.5,2
USA,2016-08,1.56,2
USA,2016-09,1.63,2
USA,2016-10,1.76,2
USA,2016-11,2.14,2
USA,2016-12,2.49,2
USA,2017-01,2.43,2
USA,2017-02,2.42,2
USA,2017-03,2.48,2
USA,2017-04,2.3,2
USA,2017-05,2.3,2
USA,2017-06,2.19,2
USA,2017-07,2.32,2
USA,2017-08,2.21,2
USA,2017-09,2.2,2
USA,2017-10,2.36,2
USA,2017-11,2.35,2
USA,2017-12,2.4,2
USA,2018-01,2.58,2
USA,2018-02,2.86,2
USA,2018-03,2.84,2
USA,2018-04,2.87,2
USA,2018-05,2.98,2
USA,2018-06,2.91,2
USA,2018-07,2.89,2
USA,2018-08,2.89,2
USA,2018-09,3,2
USA,2018-10,3.15,2
USA,2018-11,3.12,2
USA,2018-12,2.83,2
USA,2019-01,2.71,2
USA,2019-02,2.68,2
USA,2019-03,2.57,2
USA,2019-04,2.53,2
USA,2019-05,2.4,2
USA,2019-06,2.07,2
USA,2019-07,2.06,2
USA,2019-08,1.63,2
USA,2019-09,1.7,2
USA,2019-10,1.71,2
USA,2019-11,1.81,2
USA,2019-12,1.86,2
USA,2020-01,1.76,2
USA,2020-02,1.5,2
USA,2020-03,0.87,2
USA,2020-04,0.66,2
USA,2020-05,0.67,2
USA,2020-06,0.73,2
USA,2020-07,0.62,2
USA,2020-08,0.65,2
USA,2020-09,0.68,2
USA,2020-10,0.79,2
USA,2020-11,0.87,2
USA,2020-12,0.93,2
GBR,2000-01,5.8227,2
GBR,2000-02,5.6347,2
GBR,2000-03,5.3707,2
GBR,2000-04,5.3213,2
GBR,2000-05,5.4033,2
GBR,2000-06,5.2097,2
GBR,2000-07,5.2388,2
GBR,2000-08,5.3312,2
GBR,2000-09,5.3873,2
GBR,2000-10,5.2179,2
GBR,2000-11,5.0983,2
GBR,2000-12,4.9118,2
GBR,2001-01,4.8471,2
GBR,2001-02,4.8248,2
GBR,2001-03,4.703,2
GBR,2001-04,4.9468,2
GBR,2001-05,5.1153,2
GBR,2001-06,5.1951,2
GBR,2001-07,5.2037,2
GBR,2001-08,4.9854,2
GBR,2001-09,4.9876,2
GBR,2001-10,4.8253,2
GBR,2001-11,4.6271,2
GBR,2001-12,4.8928,2
GBR,2002-01,4.9171,2
GBR,2002-02,4.9251,2
GBR,2002-03,5.2202,2
GBR,2002-04,5.2331,2
GBR,2002-05,5.2689,2
GBR,2002-06,5.099,2
GBR,2002-07,5.0027,2
GBR,2002-08,4.746,2
GBR,2002-09,4.5006,2
GBR,2002-10,4.616,2
GBR,2002-11,4.6378,2
GBR,2002-12,4.5644,2
GBR,2003-01,4.3899,2
GBR,2003-02,4.2131,2
GBR,2003-03,4.3243,2
GBR,2003-04,4.4663,2
GBR,2003-05,4.2197,2
GBR,2003-06,4.1127,2
GBR,2003-07,4.4078,2
GBR,2003-08,4.604,2
GBR,2003-09,4.7132,2
GBR,2003-10,4.9071,2
GBR,2003-11,5.065,2
GBR,2003-12,4.896,2
GBR,2004-01,4.7875,2
GBR,2004-02,4.8056,2
GBR,2004-03,4.7088,2
GBR,2004-04,4.957,2
GBR,2004-05,5.1118,2
GBR,2004-06,5.2,2
GBR,2004-07,5.1083,2
GBR,2004-08,5.0071,2
GBR,2004-09,4.9109,2
GBR,2004-10,4.7683,2
GBR,2004-11,4.6903,2
GBR,2004-12,4.5316,2
GBR,2005-01,4.5419,2
GBR,2005-02,4.5884,2
GBR,2005-03,4.796,2
GBR,2005-04,4.6218,2
GBR,2005-05,4.4173,2
GBR,2005-06,4.2847,2
GBR,2005-07,4.3011,2
GBR,2005-08,4.3249,2
GBR,2005-09,4.2109,2
GBR,2005-10,4.3482,2
GBR,2005-11,4.3129,2
GBR,2005-12,4.2186,2
GBR,2006-01,4.0752,2
GBR,2006-02,4.1543,2
GBR,2006-03,4.3177,2
GBR,2006-04,4.5177,2
GBR,2006-05,4.6488,2
GBR,2006-06,4.6645,2
GBR,2006-07,4.656,2
GBR,2006-08,4.6535,2
GBR,2006-09,4.5522,2
GBR,2006-10,4.6155,2
GBR,2006-11,4.5452,2
GBR,2006-12,4.6195,2
GBR,2007-01,4.8694,2
GBR,2007-02,4.896,2
GBR,2007-03,4.8194,2
GBR,2007-04,5.0439,2
GBR,2007-05,5.1458,2
GBR,2007-06,5.4321,2
GBR,2007-07,5.4084,2
GBR,2007-08,5.1499,2
GBR,2007-09,4.9928,2
GBR,2007-10,4.9576,2
GBR,2007-11,4.7263,2
GBR,2007-12,4.6937,2
GBR,2008-01,4.4925,2
GBR,2008-02,4.6234,2
GBR,2008-03,4.445,2
GBR,2008-04,4.6432,2
GBR,2008-05,4.8683,2
GBR,2008-06,5.2103,2
GBR,2008-07,5.0494,2
GBR,2008-08,4.7267,2
GBR,2008-09,4.5701,2
GBR,2008-10,4.5789,2
GBR,2008-11,4.2571,2
GBR,2008-12,3.6238,2
GBR,2009-01,3.6699,2
GBR,2009-02,3.6899,2
GBR,2009-03,3.2497,2
GBR,2009-04,3.4072,2
GBR,2009-05,3.6206,2
GBR,2009-06,3.7221,2
GBR,2009-07,3.8238,2
GBR,2009-08,3.7142,2
GBR,2009-09,3.6566,2
GBR,2009-10,3.5699,2
GBR,2009-11,3.7592,2
GBR,2009-12,3.8871,2
GBR,2010-01,4.0025,2
GBR,2010-02,4.0624,2
GBR,2010-03,4.0915,2
GBR,2010-04,4.1007,2
GBR,2010-05,3.7772,2
GBR,2010-06,3.6007,2
GBR,2010-07,3.5087,2
GBR,2010-08,3.233,2
GBR,2010-09,3.1271,2
GBR,2010-10,3.0685,2
GBR,2010-11,3.311,2
GBR,2010-12,3.6098,2
GBR,2011-01,3.7273,2
GBR,2011-02,3.8799,2
GBR,2011-03,3.7386,2
GBR,2011-04,3.7619,2
GBR,2011-05,3.5053,2
GBR,2011-06,3.4144,2
GBR,2011-07,3.3137,2
GBR,2011-08,2.7833,2
GBR,2011-09,2.504,2
GBR,2011-10,2.529,2
GBR,2011-11,2.2917,2
GBR,2011-12,2.1828,2
GBR,2012-01,2.1104,2
GBR,2012-02,2.2191,2
GBR,2012-03,2.323,2
GBR,2012-04,2.2117,2
GBR,2012-05,1.9416,2
GBR,2012-06,1.7698,2
GBR,2012-07,1.6523,2
GBR,2012-08,1.6735,2
GBR,2012-09,1.7222,2
GBR,2012-10,1.7721,2
GBR,2012-11,1.7741,2
GBR,2012-12,1.8467,2
GBR,2013-01,2.0795,2
GBR,2013-02,2.1781,2
GBR,2013-03,1.9768,2
GBR,2013-04,1.7824,2
GBR,2013-05,1.9462,2
GBR,2013-06,2.3063,2
GBR,2013-07,2.471,2
GBR,2013-08,2.7088,2
GBR,2013-09,2.8443,2
GBR,2013-10,2.6784,2
GBR,2013-11,2.7598,2
GBR,2013-12,2.9458,2
GBR,2014-01,2.91,2
GBR,2014-02,2.8147,2
GBR,2014-03,2.7837,2
GBR,2014-04,2.7417,2
GBR,2014-05,2.6989,2
GBR,2014-06,2.7842,2
GBR,2014-07,2.7343,2
GBR,2014-08,2.5347,2
GBR,2014-09,2.4919,2
GBR,2014-10,2.2469,2
GBR,2014-11,2.1593,2
GBR,2014-12,1.9287,2
GBR,2015-01,1.589,2
GBR,2015-02,1.7365,2
GBR,2015-03,1.7941,2
GBR,2015-04,1.755,2
GBR,2015-05,2.0243,2
GBR,2015-06,2.1696,2
GBR,2015-07,2.1353,2
GBR,2015-08,1.9799,2
GBR,2015-09,1.8814,2
GBR,2015-10,1.846,2
GBR,2015-11,1.9779,2
GBR,2015-12,1.9234,2
GBR,2016-01,1.7833,2
GBR,2016-02,1.5032,2
GBR,2016-03,1.5434,2
GBR,2016-04,1.5688,2
GBR,2016-05,1.5366,2
GBR,2016-06,1.3105,2
GBR,2016-07,0.9569,2
GBR,2016-08,0.7421,2
GBR,2016-09,0.8243,2
GBR,2016-10,1.078,2
GBR,2016-11,1.3818,2
GBR,2016-12,1.4336,2
GBR,2017-01,1.4203,2
GBR,2017-02,1.3058,2
GBR,2017-03,1.194,2
GBR,2017-04,1.0789,2
GBR,2017-05,1.1175,2
GBR,2017-06,1.0846,2
GBR,2017-07,1.2713,2
GBR,2017-08,1.1241,2
GBR,2017-09,1.2436,2
GBR,2017-10,1.3816,2
GBR,2017-11,1.3299,2
GBR,2017-12,1.2781,2
GBR,2018-01,1.3931,2
GBR,2018-02,1.6034,2
GBR,2018-03,1.508,2
GBR,2018-04,1.5108,2
GBR,2018-05,1.5016,2
GBR,2018-06,1.4229,2
GBR,2018-07,1.3739,2
GBR,2018-08,1.3991,2
GBR,2018-09,1.5023,2
GBR,2018-10,1.5462,2
GBR,2018-11,1.4541,2
GBR,2018-12,1.3125,2
GBR,2019-01,1.3221,2
GBR,2019-02,1.239,2
GBR,2019-03,1.19,2
GBR,2019-04,1.1906,2
GBR,2019-05,1.13,2
GBR,2019-06,0.919,2
GBR,2019-07,0.8304,2
GBR,2019-08,0.5776,2
GBR,2019-09,0.5981,2
GBR,2019-10,0.6373,2
GBR,2019-11,0.765,2
GBR,2019-12,0.8308,2
GBR,2020-01,0.7235,2
GBR,2020-02,0.633,2
GBR,2020-03,0.4609,2
GBR,2020-04,0.3577,2
GBR,2020-05,0.2743,2
GBR,2020-06,0.278,2
GBR,2020-07,0.2094,2
GBR,2020-08,0.2717,2
GBR,2020-09,0.273,2
GBR,2020-10,0.3058,2
GBR,2020-11,0.3836,2
GBR,2020-12,0.3224,2
JPN,2000-01,1.691,2
JPN,2000-02,1.796,2
JPN,2000-03,1.819,2
JPN,2000-04,1.74,2
JPN,2000-05,1.705,2
JPN,2000-06,1.664,2
JPN,2000-07,1.689,2
JPN,2000-08,1.75,2
JPN,2000-09,1.876,2
JPN,2000-10,1.815,2
JPN,2000-11,1.764,2
JPN,2000-12,1.624,2
JPN,2001-01,1.508,2
JPN,2001-02,1.415,2
JPN,2001-03,1.169,2
JPN,2001-04,1.315,2
JPN,2001-05,1.25,2
JPN,2001-06,1.152,2
JPN,2001-07,1.305,2
JPN,2001-08,1.343,2
JPN,2001-09,1.346,2
JPN,2001-10,1.363,4
JPN,2001-11,1.328,4
JPN,2001-12,1.334,4
JPN,2002-01,1.42,4
JPN,2002-02,1.501,4
JPN,2002-03,1.421,4
JPN,2002-04,1.394,4
JPN,2002-05,1.365,4
JPN,2002-06,1.328,4
JPN,2002-07,1.296,4
JPN,2002-08,1.255,4
JPN,2002-09,1.129,4
JPN,2002-10,1.095,4
JPN,2002-11,0.979,4
JPN,2002-12,0.975,4
JPN,2003-01,0.836,4
JPN,2003-02,0.828,4
JPN,2003-03,0.724,4
JPN,2003-04,0.663,4
JPN,2003-05,0.577,4
JPN,2003-06,0.529,4
JPN,2003-07,0.956,4
JPN,2003-08,1.406,4
JPN,2003-09,1.42,4
JPN,2003-10,1.437,4
JPN,2003-11,1.333,4
JPN,2003-12,1.33,4
JPN,2004-01,1.33,4
JPN,2004-02,1.211,4
JPN,2004-03,1.418,4
JPN,2004-04,1.52,4
JPN,2004-05,1.505,4
JPN,2004-06,1.807,4
JPN,2004-07,1.808,4
JPN,2004-08,1.588,4
JPN,2004-09,1.393,4
JPN,2004-10,1.483,4
JPN,2004-11,1.452,4
JPN,2004-12,1.397,4
JPN,2005-01,1.31,4
JPN,2005-02,1.419,4
JPN,2005-03,1.325,4
JPN,2005-04,1.257,4
JPN,2005-05,1.238,4
JPN,2005-06,1.143,4
JPN,2005-07,1.295,4
JPN,2005-08,1.365,4
JPN,2005-09,1.45,4
JPN,2005-10,1.513,4
JPN,2005-11,1.454,4
JPN,2005-12,1.488,4
JPN,2006-01,1.547,4
JPN,2006-02,1.598,4
JPN,2006-03,1.759,4
JPN,2006-04,1.956,4
JPN,2006-05,1.849,4
JPN,2006-06,1.901,4
JPN,2006-07,1.927,4
JPN,2006-08,1.668,4
JPN,2006-09,1.628,4
JPN,2006-10,1.718,4
JPN,2006-11,1.69,4
JPN,2006-12,1.645,4
JPN,2007-01,1.705,4
JPN,2007-02,1.64,4
JPN,2007-03,1.629,4
JPN,2007-04,1.653,4
JPN,2007-05,1.733,4
JPN,2007-06,1.903,4
JPN,2007-07,1.809,4
JPN,2007-08,1.577,4
JPN,2007-09,1.698,4
JPN,2007-10,1.616,4
JPN,2007-11,1.497,4
JPN,2007-12,1.526,4
JPN,2008-01,1.429,4
JPN,2008-02,1.429,4
JPN,2008-03,1.245,4
JPN,2008-04,1.6,4
JPN,2008-05,1.778,4
JPN,2008-06,1.601,4
JPN,2008-07,1.537,4
JPN,2008-08,1.431,4
JPN,2008-09,1.481,4
JPN,2008-10,1.486,4
JPN,2008-11,1.377,4
JPN,2008-12,1.214,4
JPN,2009-01,1.272,4
JPN,2009-02,1.277,4
JPN,2009-03,1.323,4
JPN,2009-04,1.402,4
JPN,2009-05,1.481,4
JPN,2009-06,1.363,4
JPN,2009-07,1.386,4
JPN,2009-08,1.314,4
JPN,2009-09,1.258,4
JPN,2009-10,1.404,4
JPN,2009-11,1.253,4
JPN,2009-12,1.272,4
JPN,2010-01,1.308,4
JPN,2010-02,1.295,4
JPN,2010-03,1.361,4
JPN,2010-04,1.286,4
JPN,2010-05,1.257,4
JPN,2010-06,1.08,4
JPN,2010-07,1.075,4
JPN,2010-08,1.023,4
JPN,2010-09,0.898,4
JPN,2010-10,0.903,4
JPN,2010-11,1.161,4
JPN,2010-12,1.133,4
JPN,2011-01,1.213,4
JPN,2011-02,1.241,4
JPN,2011-03,1.214,4
JPN,2011-04,1.215,4
JPN,2011-05,1.118,4
JPN,2011-06,1.084,4
JPN,2011-07,1.075,4
JPN,2011-08,1.023,4
JPN,2011-09,0.975,4
JPN,2011-10,1.038,4
JPN,2011-11,1.062,4
JPN,2011-12,0.971,4
JPN,2012-01,0.959,4
JPN,2012-02,0.962,4
JPN,2012-03,0.966,4
JPN,2012-04,0.914,4
JPN,2012-05,0.846,4
JPN,2012-06,0.789,4
JPN,2012-07,0.78,4
JPN,2012-08,0.8,4
JPN,2012-09,0.757,4
JPN,2012-10,0.76,4
JPN,2012-11,0.713,4
JPN,2012-12,0.781,4
JPN,2013-01,0.775,4
JPN,2013-02,0.669,4
JPN,2013-03,0.492,4
JPN,2013-04,0.589,4
JPN,2013-05,0.879,4
JPN,2013-06,0.822,4
JPN,2013-07,0.79,4
JPN,2013-08,0.708,4
JPN,2013-09,0.669,4
JPN,2013-10,0.59,4
JPN,2013-11,0.605,4
JPN,2013-12,0.688,4
JPN,2014-01,0.614,4
JPN,2014-02,0.586,4
JPN,2014-03,0.605,4
JPN,2014-04,0.61,4
JPN,2014-05,0.566,4
JPN,2014-06,0.536,4
JPN,2014-07,0.527,4
JPN,2014-08,0.488,4
JPN,2014-09,0.497,4
JPN,2014-10,0.465,4
JPN,2014-11,0.42,4
JPN,2014-12,0.33,4
JPN,2015-01,0.275,4
JPN,2015-02,0.33,4
JPN,2015-03,0.4,4
JPN,2015-04,0.34,4
JPN,2015-05,0.39,4
JPN,2015-06,0.455,4
JPN,2015-07,0.41,4
JPN,2015-08,0.38,4
JPN,2015-09,0.35,4
JPN,2015-10,0.3,4
JPN,2015-11,0.3,4
JPN,2015-12,0.27,4
JPN,2016-01,0.095,4
JPN,2016-02,-0.065,4
JPN,2016-03,-0.05,4
JPN,2016-04,-0.085,4
JPN,2016-05,-0.12,4
JPN,2016-06,-0.23,4
JPN,2016-07,-0.195,4
JPN,2016-08,-0.07,4
JPN,2016-09,-0.085,4
JPN,2016-10,-0.05,4
JPN,2016-11,0.02,4
JPN,2016-12,0.04,4
JPN,2017-01,0.085,4
JPN,2017-02,0.05,4
JPN,2017-03,0.065,4
JPN,2017-04,0.015,4
JPN,2017-05,0.04,4
JPN,2017-06,0.075,4
JPN,2017-07,0.075,4
JPN,2017-08,0.01,4
JPN,2017-09,0.06,4
JPN,2017-10,0.065,4
JPN,2017-11,0.035,4
JPN,2017-12,0.045,4
JPN,2018-01,0.08,4
JPN,2018-02,0.045,4
JPN,2018-03,0.045,4
JPN,2018-04,0.05,4
JPN,2018-05,0.03,4
JPN,2018-06,0.03,4
JPN,2018-07,0.06,4
JPN,2018-08,0.11,4
JPN,2018-09,0.125,4
JPN,2018-10,0.13,4
JPN,2018-11,0.085,4
JPN,2018-12,-0.01,4
JPN,2019-01,0,4
JPN,2019-02,-0.015,4
JPN,2019-03,-0.095,4
JPN,2019-04,-0.045,4
JPN,2019-05,-0.095,4
JPN,2019-06,-0.165,4
JPN,2019-07,-0.16,4
JPN,2019-08,-0.28,4
JPN,2019-09,-0.215,4
JPN,2019-10,-0.15,4
JPN,2019-11,-0.08,4
JPN,2019-12,-0.025,4
JPN,2020-01,-0.065,4
JPN,2020-02,-0.155,4
JPN,2020-03,0.005,4
JPN,2020-04,-0.04,4
JPN,2020-05,0,4
JPN,2020-06,0.03,4
JPN,2020-07,0.01,4
JPN,2020-08,0.045,4
JPN,2020-09,0.015,4
JPN,2020-10,0.04,4
JPN,2020-11,0.03,4
JPN,2020-12,0.02,4