,State,Date,Count
0,AK,2015-02-08,1
1,AK,2015-09-08,1
2,AK,2015-09-09,3
3,AK,2015-10-24,1
4,AL,2015-01-27,1
5,AL,2015-02-08,1
6,AL,2015-02-11,1
7,AL,2015-02-18,1
8,AL,2015-02-20,2
9,AL,2015-02-23,1
10,AL,2015-03-10,1
11,AL,2015-03-11,2
12,AL,2015-03-19,1
13,AL,2015-04-12,1
14,AL,2015-05-19,1
15,AL,2015-05-25,2
16,AL,2015-06-17,2
17,AL,2015-06-19,1
18,AL,2015-07-02,1
19,AL,2015-07-16,1
20,AL,2015-08-20,1
21,AL,2015-08-23,1
22,AL,2015-09-12,2
23,AL,2015-09-18,1
24,AL,2015-09-19,1
25,AL,2015-10-04,2
26,AL,2015-10-14,2
27,AL,2015-10-31,1
28,AR,2015-01-08,1
29,AR,2015-01-09,1
30,AR,2015-04-14,1
31,AR,2015-05-19,1
32,AR,2015-07-28,1
33,AZ,2015-01-05,1
34,AZ,2015-01-15,1
35,AZ,2015-01-18,2
36,AZ,2015-01-20,1
37,AZ,2015-01-26,1
38,AZ,2015-01-27,3
39,AZ,2015-02-04,2
40,AZ,2015-02-13,1
41,AZ,2015-02-16,2
42,AZ,2015-02-28,3
43,AZ,2015-03-03,1
44,AZ,2015-03-07,2
45,AZ,2015-03-11,1
46,AZ,2015-03-18,1
47,AZ,2015-03-19,1
48,AZ,2015-03-20,1
49,AZ,2015-03-21,1
50,AZ,2015-03-24,1
51,AZ,2015-03-25,1
52,AZ,2015-04-05,1
53,AZ,2015-04-18,1
54,AZ,2015-04-22,1
55,AZ,2015-04-29,1
56,AZ,2015-05-08,1
57,AZ,2015-05-12,1
58,AZ,2015-05-23,1
59,AZ,2015-05-30,1
60,AZ,2015-06-08,1
61,AZ,2015-07-06,1
62,AZ,2015-07-07,1
63,AZ,2015-07-09,1
64,AZ,2015-07-18,1
65,AZ,2015-08-01,2
66,AZ,2015-08-10,1
67,AZ,2015-08-21,1
68,AZ,2015-08-25,2
69,AZ,2015-08-30,2
70,AZ,2015-09-02,2
71,AZ,2015-09-25,1
72,AZ,2015-10-02,2
73,AZ,2015-11-25,1
74,AZ,2015-11-29,1
75,AZ,2015-12-03,1
76,AZ,2015-12-04,1
77,AZ,2015-12-11,1
78,AZ,2015-12-26,1
79,AZ,2015-12-27,1
80,CA,2015-01-04,1
81,CA,2015-01-06,3
82,CA,2015-01-11,2
83,CA,2015-01-15,1
84,CA,2015-01-16,1
85,CA,2015-01-17,1
86,CA,2015-01-21,1
87,CA,2015-01-26,1
88,CA,2015-01-28,1
89,CA,2015-02-02,1
90,CA,2015-02-03,3
91,CA,2015-02-04,1
92,CA,2015-02-05,2
93,CA,2015-02-07,1
94,CA,2015-02-11,1
95,CA,2015-02-13,1
96,CA,2015-02-20,1
97,CA,2015-02-26,1
98,CA,2015-02-27,2
99,CA,2015-03-01,2
100,CA,2015-03-04,1
101,CA,2015-03-05,1
102,CA,2015-03-08,1
103,CA,2015-03-10,2
104,CA,2015-03-11,2
105,CA,2015-03-12,1
106,CA,2015-03-13,4
107,CA,2015-03-17,4
108,CA,2015-03-18,1
109,CA,2015-03-19,2
110,CA,2015-03-21,1
111,CA,2015-03-22,2
112,CA,2015-03-23,1
113,CA,2015-03-24,1
114,CA,2015-03-25,2
115,CA,2015-03-26,1
116,CA,2015-03-27,3
117,CA,2015-03-28,1
118,CA,2015-03-29,1
119,CA,2015-04-01,1
120,CA,2015-04-04,2
121,CA,2015-04-05,2
122,CA,2015-04-08,3
123,CA,2015-04-10,2
124,CA,2015-04-15,1
125,CA,2015-04-16,1
126,CA,2015-04-17,1
127,CA,2015-04-21,2
128,CA,2015-04-23,4
129,CA,2015-04-24,1
130,CA,2015-04-26,4
131,CA,2015-04-29,2
132,CA,2015-04-30,2
133,CA,2015-05-05,3
134,CA,2015-05-07,1
135,CA,2015-05-12,1
136,CA,2015-05-15,2
137,CA,2015-05-17,2
138,CA,2015-05-27,3
139,CA,2015-06-03,2
140,CA,2015-06-05,1
141,CA,2015-06-06,2
142,CA,2015-06-08,1
143,CA,2015-06-14,1
144,CA,2015-06-15,1
145,CA,2015-06-16,1
146,CA,2015-06-21,1
147,CA,2015-06-22,1
148,CA,2015-06-25,2
149,CA,2015-07-02,1
150,CA,2015-07-03,2
151,CA,2015-07-05,3
152,CA,2015-07-06,3
153,CA,2015-07-07,2
154,CA,2015-07-09,3
155,CA,2015-07-11,2
156,CA,2015-07-13,3
157,CA,2015-07-16,1
158,CA,2015-07-17,2
159,CA,2015-07-18,1
160,CA,2015-07-20,1
161,CA,2015-07-23,2
162,CA,2015-07-24,1
163,CA,2015-07-29,1
164,CA,2015-07-30,2
165,CA,2015-08-03,1
166,CA,2015-08-04,1
167,CA,2015-08-07,3
168,CA,2015-08-09,1
169,CA,2015-08-10,1
170,CA,2015-08-12,4
171,CA,2015-08-15,4
172,CA,2015-08-16,1
173,CA,2015-08-17,1
174,CA,2015-08-20,2
175,CA,2015-08-22,1
176,CA,2015-08-27,3
177,CA,2015-08-28,1
178,CA,2015-09-03,1
179,CA,2015-09-04,2
180,CA,2015-09-05,3
181,CA,2015-09-07,2
182,CA,2015-09-09,1
183,CA,2015-09-10,5
184,CA,2015-09-14,2
185,CA,2015-09-15,2
186,CA,2015-09-16,1
187,CA,2015-09-18,2
188,CA,2015-09-21,2
189,CA,2015-09-22,2
190,CA,2015-09-27,2
191,CA,2015-09-28,1
192,CA,2015-10-02,1
193,CA,2015-10-03,1
194,CA,2015-10-04,1
195,CA,2015-10-06,2
196,CA,2015-10-09,1
197,CA,2015-10-10,2
198,CA,2015-10-11,1
199,CA,2015-10-14,3
200,CA,2015-10-15,1
201,CA,2015-10-16,1
202,CA,2015-10-17,2
203,CA,2015-10-18,1
204,CA,2015-10-19,1
205,CA,2015-10-20,1
206,CA,2015-10-21,3
207,CA,2015-10-22,2
208,CA,2015-10-24,2
209,CA,2015-10-27,1
210,CA,2015-10-28,1
211,CA,2015-11-01,2
212,CA,2015-11-04,2
213,CA,2015-11-09,2
214,CA,2015-11-10,2
215,CA,2015-11-11,2
216,CA,2015-11-12,2
217,CA,2015-11-13,1
218,CA,2015-11-14,1
219,CA,2015-11-15,1
220,CA,2015-11-19,1
221,CA,2015-11-20,2
222,CA,2015-11-22,2
223,CA,2015-11-26,2
224,CA,2015-11-29,1
225,CA,2015-12-01,1
226,CA,2015-12-02,4
227,CA,2015-12-05,1
228,CA,2015-12-10,4
229,CA,2015-12-12,2
230,CA,2015-12-14,3
231,CA,2015-12-16,1
232,CA,2015-12-17,1
233,CA,2015-12-19,1
234,CA,2015-12-20,2
235,CA,2015-12-21,3
236,CA,2015-12-24,1
237,CA,2015-12-25,1
238,CA,2015-12-29,3
239,CA,2015-12-30,2
240,CO,2015-01-04,2
241,CO,2015-01-15,1
242,CO,2015-01-25,1
243,CO,2015-01-26,2
244,CO,2015-02-10,2
245,CO,2015-03-06,2
246,CO,2015-03-09,1
247,CO,2015-04-15,1
248,CO,2015-04-22,1
249,CO,2015-04-24,1
250,CO,2015-05-19,2
251,CO,2015-05-28,2
252,CO,2015-06-06,2
253,CO,2015-06-19,1
254,CO,2015-07-12,1
255,CO,2015-07-18,2
256,CO,2015-07-27,1
257,CO,2015-08-31,1
258,CO,2015-09-11,1
259,CO,2015-09-24,1
260,CO,2015-10-31,1
261,CO,2015-11-10,2
262,CO,2015-11-22,1
263,CO,2015-11-30,1
264,CO,2015-12-02,1
265,CO,2015-12-12,1
266,CO,2015-12-13,1
267,CO,2015-12-21,2
268,CT,2015-03-15,1
269,CT,2015-08-07,1
270,CT,2015-08-14,1
271,CT,2015-10-10,1
272,DC,2015-02-12,1
273,DC,2015-03-12,1
274,DC,2015-10-26,1
275,DC,2015-11-02,2
276,DC,2015-11-14,1
277,DC,2015-11-19,1
278,DE,2015-03-08,2
279,DE,2015-04-03,1
280,DE,2015-05-02,1
281,DE,2015-09-23,2
282,DE,2015-12-20,1
283,FL,2015-01-01,1
284,FL,2015-01-23,1
285,FL,2015-02-04,2
286,FL,2015-02-08,1
287,FL,2015-02-11,1
288,FL,2015-02-15,1
289,FL,2015-02-22,3
290,FL,2015-02-26,1
291,FL,2015-03-04,1
292,FL,2015-03-06,1
293,FL,2015-03-09,1
294,FL,2015-03-18,2
295,FL,2015-03-19,1
296,FL,2015-03-27,1
297,FL,2015-03-31,2
298,FL,2015-04-06,1
299,FL,2015-04-09,2
300,FL,2015-04-15,1
301,FL,2015-04-18,2
302,FL,2015-04-25,2
303,FL,2015-05-06,1
304,FL,2015-05-11,2
305,FL,2015-05-12,2
306,FL,2015-05-14,2
307,FL,2015-05-17,1
308,FL,2015-05-21,2
309,FL,2015-06-06,1
310,FL,2015-06-07,1
311,FL,2015-06-08,1
312,FL,2015-06-11,3
313,FL,2015-06-14,1
314,FL,2015-07-02,2
315,FL,2015-07-03,1
316,FL,2015-07-04,1
317,FL,2015-07-12,1
318,FL,2015-07-14,1
319,FL,2015-07-16,1
320,FL,2015-07-17,1
321,FL,2015-07-21,1
322,FL,2015-07-25,1
323,FL,2015-08-23,2
324,FL,2015-08-25,3
325,FL,2015-09-06,1
326,FL,2015-09-15,2
327,FL,2015-09-21,2
328,FL,2015-09-22,3
329,FL,2015-09-24,1
330,FL,2015-09-28,1
331,FL,2015-10-07,1
332,FL,2015-10-14,2
333,FL,2015-10-15,2
334,FL,2015-10-18,1
335,FL,2015-10-24,1
336,FL,2015-10-26,1
337,FL,2015-10-28,1
338,FL,2015-10-29,1
339,FL,2015-11-06,1
340,FL,2015-11-17,1
341,FL,2015-11-18,1
342,FL,2015-11-19,2
343,FL,2015-12-05,2
344,FL,2015-12-09,1
345,FL,2015-12-21,1
346,FL,2015-12-22,2
347,GA,2015-02-03,1
348,GA,2015-02-22,1
349,GA,2015-02-23,2
350,GA,2015-02-26,1
351,GA,2015-03-09,1
352,GA,2015-03-10,1
353,GA,2015-03-17,1
354,GA,2015-03-24,1
355,GA,2015-03-25,1
356,GA,2015-04-08,2
357,GA,2015-04-29,1
358,GA,2015-04-30,1
359,GA,2015-05-07,1
360,GA,2015-05-27,1
361,GA,2015-05-28,1
362,GA,2015-05-31,1
363,GA,2015-06-22,1
364,GA,2015-07-10,2
365,GA,2015-07-11,1
366,GA,2015-07-12,1
367,GA,2015-07-13,1
368,GA,2015-07-21,2
369,GA,2015-07-24,1
370,GA,2015-07-25,1
371,GA,2015-08-06,1
372,GA,2015-08-31,1
373,GA,2015-09-27,1
374,GA,2015-10-14,2
375,GA,2015-10-16,1
376,GA,2015-10-24,1
377,GA,2015-10-25,1
378,GA,2015-10-27,1
379,GA,2015-11-13,2
380,GA,2015-11-16,2
381,GA,2015-11-17,2
382,GA,2015-11-20,2
383,GA,2015-11-30,1
384,GA,2015-12-21,1
385,HI,2015-05-12,1
386,HI,2015-08-05,1
387,IA,2015-01-06,2
388,IA,2015-01-07,1
389,IA,2015-06-09,2
390,IA,2015-09-13,1
391,IA,2015-10-20,2
392,ID,2015-01-24,1
393,ID,2015-02-16,2
394,ID,2015-03-18,1
395,ID,2015-03-19,1
396,ID,2015-04-06,1
397,ID,2015-08-11,1
398,ID,2015-11-01,1
399,ID,2015-12-26,2
400,IL,2015-01-07,1
401,IL,2015-01-11,2
402,IL,2015-03-02,1
403,IL,2015-04-02,4
404,IL,2015-04-04,1
405,IL,2015-04-13,2
406,IL,2015-04-17,2
407,IL,2015-04-28,2
408,IL,2015-05-15,2
409,IL,2015-05-16,1
410,IL,2015-05-17,1
411,IL,2015-06-20,1
412,IL,2015-07-09,1
413,IL,2015-07-10,1
414,IL,2015-07-12,1
415,IL,2015-08-04,1
416,IL,2015-08-29,2
417,IL,2015-09-25,1
418,IL,2015-10-04,1
419,IL,2015-10-10,1
420,IL,2015-12-26,2
421,IN,2015-01-15,1
422,IN,2015-02-21,1
423,IN,2015-02-25,1
424,IN,2015-02-26,1
425,IN,2015-03-21,1
426,IN,2015-03-26,1
427,IN,2015-04-06,1
428,IN,2015-04-09,2
429,IN,2015-04-12,1
430,IN,2015-06-08,1
431,IN,2015-06-12,2
432,IN,2015-06-13,2
433,IN,2015-06-23,1
434,IN,2015-08-03,2
435,IN,2015-08-09,1
436,IN,2015-08-15,1
437,IN,2015-09-04,2
438,IN,2015-09-10,1
439,IN,2015-09-20,1
440,IN,2015-12-10,1
441,IN,2015-12-12,1
442,KS,2015-01-03,1
443,KS,2015-01-06,1
444,KS,2015-02-13,2
445,KS,2015-03-26,1
446,KS,2015-04-10,2
447,KS,2015-05-09,1
448,KS,2015-05-27,1
449,KS,2015-06-23,2
450,KS,2015-07-16,1
451,KS,2015-07-18,2
452,KS,2015-08-19,1
453,KS,2015-08-22,1
454,KS,2015-10-20,1
455,KY,2015-01-18,2
456,KY,2015-03-29,1
457,KY,2015-04-19,1
458,KY,2015-05-03,1
459,KY,2015-05-20,1
460,KY,2015-05-29,1
461,KY,2015-06-13,1
462,KY,2015-07-07,2
463,KY,2015-08-05,1
464,KY,2015-08-06,1
465,KY,2015-09-14,2
466,KY,2015-09-17,2
467,KY,2015-10-20,2
468,KY,2015-10-22,1
469,KY,2015-10-30,2
470,KY,2015-12-09,2
471,KY,2015-12-22,1
472,LA,2015-01-07,1
473,LA,2015-01-15,2
474,LA,2015-02-23,1
475,LA,2015-03-10,1
476,LA,2015-03-20,1
477,LA,2015-03-22,1
478,LA,2015-03-31,1
479,LA,2015-04-02,2
480,LA,2015-04-06,1
481,LA,2015-04-28,1
482,LA,2015-05-08,1
483,LA,2015-05-12,1
484,LA,2015-05-26,2
485,LA,2015-06-10,1
486,LA,2015-06-14,1
487,LA,2015-06-20,1
488,LA,2015-07-23,2
489,LA,2015-07-25,2
490,LA,2015-07-26,1
491,LA,2015-07-27,1
492,LA,2015-07-29,1
493,LA,2015-09-06,1
494,LA,2015-09-15,2
495,LA,2015-09-16,1
496,LA,2015-09-19,1
497,LA,2015-09-26,1
498,LA,2015-10-11,1
499,LA,2015-10-20,1
500,LA,2015-10-22,1
501,LA,2015-11-03,1
502,LA,2015-12-14,1
503,LA,2015-12-21,1
504,LA,2015-12-24,3
505,LA,2015-12-27,2
506,MA,2015-01-19,1
507,MA,2015-02-17,2
508,MA,2015-03-27,3
509,MA,2015-06-02,2
510,MA,2015-06-19,1
511,MA,2015-07-02,1
512,MA,2015-07-13,2
513,MA,2015-07-29,1
514,MA,2015-10-10,1
515,MD,2015-01-24,1
516,MD,2015-01-31,2
517,MD,2015-02-14,1
518,MD,2015-03-01,1
519,MD,2015-03-03,1
520,MD,2015-03-11,1
521,MD,2015-03-30,1
522,MD,2015-03-31,1
523,MD,2015-04-16,1
524,MD,2015-05-10,1
525,MD,2015-05-12,1
526,MD,2015-06-25,1
527,MD,2015-08-14,1
528,MD,2015-08-21,2
529,MD,2015-09-23,2
530,MD,2015-10-09,2
531,MD,2015-10-26,1
532,MD,2015-11-11,1
533,MD,2015-12-14,1
534,MD,2015-12-19,1
535,ME,2015-02-09,1
536,ME,2015-02-10,1
537,ME,2015-12-01,2
538,MI,2015-01-29,1
539,MI,2015-02-02,2
540,MI,2015-02-17,1
541,MI,2015-02-28,1
542,MI,2015-04-16,1
543,MI,2015-04-27,2
544,MI,2015-05-14,1
545,MI,2015-05-23,1
546,MI,2015-05-28,1
547,MI,2015-07-15,1
548,MI,2015-08-19,1
549,MI,2015-09-17,1
550,MI,2015-10-09,1
551,MI,2015-10-10,1
552,MI,2015-10-21,1
553,MI,2015-11-18,2
554,MI,2015-12-23,1
555,MI,2015-12-24,1
556,MN,2015-01-14,2
557,MN,2015-01-15,1
558,MN,2015-01-16,1
559,MN,2015-01-26,2
560,MN,2015-03-16,2
561,MN,2015-05-08,2
562,MN,2015-07-23,2
563,MN,2015-08-22,2
564,MN,2015-09-24,2
565,MN,2015-09-29,1
566,MN,2015-09-30,1
567,MN,2015-10-18,1
568,MN,2015-11-01,1
569,MN,2015-11-15,1
570,MN,2015-11-24,2
571,MO,2015-01-14,2
572,MO,2015-01-21,1
573,MO,2015-02-03,1
574,MO,2015-02-17,2
575,MO,2015-02-28,3
576,MO,2015-03-13,2
577,MO,2015-04-15,1
578,MO,2015-04-17,1
579,MO,2015-05-23,2
580,MO,2015-07-07,1
581,MO,2015-07-09,1
582,MO,2015-08-19,1
583,MO,2015-09-09,2
584,MO,2015-11-04,1
585,MO,2015-11-05,1
586,MO,2015-11-25,3
587,MO,2015-11-27,1
588,MO,2015-11-29,2
589,MO,2015-12-05,1
590,MS,2015-01-21,1
591,MS,2015-02-15,1
592,MS,2015-02-26,2
593,MS,2015-03-01,1
594,MS,2015-03-15,1
595,MS,2015-03-31,1
596,MS,2015-04-21,1
597,MS,2015-05-03,1
598,MS,2015-08-19,1
599,MS,2015-09-14,1
600,MS,2015-10-12,2
601,MS,2015-10-16,2
602,MS,2015-10-28,2
603,MS,2015-12-27,2
604,MT,2015-01-08,2
605,MT,2015-01-30,1
606,MT,2015-08-07,2
607,MT,2015-11-10,1
608,NC,2015-02-07,2
609,NC,2015-02-17,2
610,NC,2015-02-18,1
611,NC,2015-02-28,1
612,NC,2015-03-09,2
613,NC,2015-03-16,1
614,NC,2015-03-17,1
615,NC,2015-04-12,1
616,NC,2015-05-06,1
617,NC,2015-05-09,1
618,NC,2015-06-22,1
619,NC,2015-06-30,2
620,NC,2015-07-08,1
621,NC,2015-07-24,1
622,NC,2015-08-07,2
623,NC,2015-08-08,1
624,NC,2015-08-19,1
625,NC,2015-08-21,1
626,NC,2015-08-23,2
627,NC,2015-09-05,2
628,NC,2015-11-06,1
629,NC,2015-11-15,1
630,NC,2015-12-15,2
631,NC,2015-12-24,1
632,ND,2015-06-16,1
633,NE,2015-01-07,1
634,NE,2015-01-27,2
635,NE,2015-02-23,2
636,NE,2015-03-05,2
637,NE,2015-04-19,2
638,NE,2015-05-20,2
639,NE,2015-06-23,1
640,NE,2015-11-29,1
641,NE,2015-12-03,1
642,NH,2015-01-21,2
643,NH,2015-07-06,1
644,NH,2015-09-03,1
645,NH,2015-09-04,1
646,NJ,2015-01-14,1
647,NJ,2015-01-15,2
648,NJ,2015-01-25,1
649,NJ,2015-04-01,2
650,NJ,2015-04-21,1
651,NJ,2015-05-21,1
652,NJ,2015-05-27,1
653,NJ,2015-05-29,1
654,NJ,2015-06-03,1
655,NJ,2015-06-11,2
656,NJ,2015-06-16,1
657,NJ,2015-07-03,1
658,NJ,2015-07-07,1
659,NJ,2015-08-23,1
660,NJ,2015-10-05,1
661,NJ,2015-11-17,2
662,NJ,2015-11-24,1
663,NM,2015-01-13,2
664,NM,2015-02-21,1
665,NM,2015-04-04,1
666,NM,2015-05-03,1
667,NM,2015-05-17,1
668,NM,2015-06-03,1
669,NM,2015-06-17,1
670,NM,2015-07-29,1
671,NM,2015-07-31,4
672,NM,2015-08-12,1
673,NM,2015-08-25,1
674,NM,2015-09-01,2
675,NM,2015-09-06,1
676,NM,2015-09-07,1
677,NM,2015-09-26,1
678,NM,2015-10-20,1
679,NM,2015-11-11,2
680,NM,2015-12-02,1
681,NM,2015-12-18,1
682,NM,2015-12-22,2
683,NV,2015-01-11,1
684,NV,2015-02-25,1
685,NV,2015-03-29,1
686,NV,2015-03-30,1
687,NV,2015-07-04,1
688,NV,2015-07-10,2
689,NV,2015-07-25,2
690,NV,2015-07-30,1
691,NV,2015-08-07,1
692,NV,2015-08-15,2
693,NV,2015-08-23,2
694,NV,2015-08-29,2
695,NV,2015-09-22,2
696,NV,2015-10-13,1
697,NV,2015-10-15,2
698,NV,2015-11-06,2
699,NV,2015-11-22,2
700,NV,2015-11-24,2
701,NV,2015-12-14,3
702,NV,2015-12-31,1
703,NY,2015-02-08,1
704,NY,2015-03-21,2
705,NY,2015-03-22,1
706,NY,2015-04-02,1
707,NY,2015-04-22,1
708,NY,2015-04-25,1
709,NY,2015-05-07,2
710,NY,2015-05-08,2
711,NY,2015-05-26,1
712,NY,2015-05-31,1
713,NY,2015-06-01,1
714,NY,2015-06-08,1
715,NY,2015-06-10,1
716,NY,2015-06-18,1
717,NY,2015-06-26,1
718,NY,2015-06-29,1
719,NY,2015-08-14,1
720,NY,2015-08-22,1
721,NY,2015-08-28,1
722,NY,2015-09-10,1
723,NY,2015-10-24,1
724,NY,2015-12-07,1
725,NY,2015-12-08,1
726,OH,2015-01-07,1
727,OH,2015-01-27,1
728,OH,2015-03-10,3
729,OH,2015-03-19,2
730,OH,2015-03-21,2
731,OH,2015-03-28,1
732,OH,2015-03-29,1
733,OH,2015-04-28,1
734,OH,2015-05-20,2
735,OH,2015-06-09,3
736,OH,2015-06-19,1
737,OH,2015-07-14,2
738,OH,2015-07-19,1
739,OH,2015-07-23,1
740,OH,2015-08-12,1
741,OH,2015-08-20,1
742,OH,2015-08-31,1
743,OH,2015-09-01,1
744,OH,2015-09-08,1
745,OH,2015-09-21,1
746,OH,2015-09-25,1
747,OH,2015-10-05,1
748,OH,2015-10-15,4
749,OH,2015-10-24,2
750,OH,2015-10-29,1
751,OH,2015-11-23,1
752,OH,2015-11-29,1
753,OH,2015-12-02,1
754,OH,2015-12-03,1
755,OH,2015-12-06,1
756,OH,2015-12-08,1
757,OH,2015-12-17,1
758,OH,2015-12-18,2
759,OK,2015-01-04,2
760,OK,2015-01-16,1
761,OK,2015-01-17,1
762,OK,2015-01-29,1
763,OK,2015-02-06,1
764,OK,2015-02-20,1
765,OK,2015-02-25,2
766,OK,2015-03-01,1
767,OK,2015-03-08,2
768,OK,2015-03-20,2
769,OK,2015-04-02,2
770,OK,2015-04-03,1
771,OK,2015-04-07,1
772,OK,2015-04-08,1
773,OK,2015-04-09,1
774,OK,2015-04-11,2
775,OK,2015-04-12,1
776,OK,2015-04-23,1
777,OK,2015-04-24,2
778,OK,2015-04-26,1
779,OK,2015-04-29,1
780,OK,2015-05-27,2
781,OK,2015-05-29,1
782,OK,2015-06-27,1
783,OK,2015-07-04,1
784,OK,2015-07-06,1
785,OK,2015-07-20,1
786,OK,2015-07-22,1
787,OK,2015-08-09,2
788,OK,2015-08-30,2
789,OK,2015-09-13,1
790,OK,2015-10-05,1
791,OK,2015-10-12,1
792,OK,2015-10-30,1
793,OK,2015-11-05,1
794,OK,2015-11-21,2
795,OK,2015-12-09,2
796,OK,2015-12-12,1
797,OR,2015-01-02,1
798,OR,2015-02-15,2
799,OR,2015-03-17,1
800,OR,2015-03-22,2
801,OR,2015-03-30,2
802,OR,2015-04-24,1
803,OR,2015-05-29,1
804,OR,2015-05-30,1
805,OR,2015-05-31,2
806,OR,2015-06-28,2
807,OR,2015-07-01,3
808,OR,2015-07-08,1
809,OR,2015-10-02,2
810,OR,2015-10-28,3
811,OR,2015-11-02,1
812,OR,2015-11-06,2
813,PA,2015-01-06,1
814,PA,2015-02-02,1
815,PA,2015-02-13,1
816,PA,2015-02-23,1
817,PA,2015-04-09,1
818,PA,2015-05-19,1
819,PA,2015-05-20,1
820,PA,2015-05-22,2
821,PA,2015-06-04,1
822,PA,2015-06-22,2
823,PA,2015-07-22,1
824,PA,2015-08-03,1
825,PA,2015-08-09,1
826,PA,2015-08-25,1
827,PA,2015-09-04,1
828,PA,2015-09-11,1
829,PA,2015-10-17,2
830,PA,2015-10-26,1
831,PA,2015-11-07,1
832,PA,2015-11-15,2
833,PA,2015-12-04,2
834,PA,2015-12-12,2
835,PA,2015-12-21,1
836,SC,2015-02-28,2
837,SC,2015-03-25,2
838,SC,2015-04-04,2
839,SC,2015-04-09,2
840,SC,2015-04-15,2
841,SC,2015-04-21,1
842,SC,2015-05-20,1
843,SC,2015-05-21,3
844,SC,2015-05-28,1
845,SC,2015-06-13,1
846,SC,2015-07-23,1
847,SC,2015-07-26,1
848,SC,2015-07-27,1
849,SC,2015-08-08,1
850,SC,2015-10-11,1
851,SC,2015-11-05,1
852,SC,2015-11-09,2
853,SC,2015-11-11,2
854,SC,2015-11-17,2
855,SC,2015-12-10,2
856,SD,2015-09-04,2
857,SD,2015-09-16,2
858,SD,2015-09-29,2
859,TN,2015-02-04,1
860,TN,2015-02-10,1
861,TN,2015-02-13,1
862,TN,2015-03-11,1
863,TN,2015-03-31,2
864,TN,2015-04-29,1
865,TN,2015-04-30,1
866,TN,2015-05-30,1
867,TN,2015-06-11,2
868,TN,2015-07-04,1
869,TN,2015-07-16,2
870,TN,2015-07-17,1
871,TN,2015-07-28,1
872,TN,2015-08-05,2
873,TN,2015-08-26,2
874,TN,2015-09-12,1
875,TN,2015-09-18,1
876,TN,2015-10-29,2
877,TN,2015-11-13,1
878,TN,2015-12-12,1
879,TN,2015-12-14,2
880,TN,2015-12-18,1
881,TX,2015-01-07,2
882,TX,2015-01-09,2
883,TX,2015-01-13,1
884,TX,2015-01-14,1
885,TX,2015-01-16,3
886,TX,2015-01-17,2
887,TX,2015-01-21,1
888,TX,2015-01-22,3
889,TX,2015-01-23,2
890,TX,2015-01-24,1
891,TX,2015-01-26,1
892,TX,2015-01-28,3
893,TX,2015-01-29,1
894,TX,2015-01-31,2
895,TX,2015-02-01,1
896,TX,2015-02-03,1
897,TX,2015-02-04,1
898,TX,2015-02-08,3
899,TX,2015-02-09,3
900,TX,2015-02-14,1
901,TX,2015-02-17,2
902,TX,2015-02-20,3
903,TX,2015-02-25,1
904,TX,2015-03-01,1
905,TX,2015-03-06,1
906,TX,2015-03-14,1
907,TX,2015-03-17,2
908,TX,2015-03-31,1
909,TX,2015-04-08,2
910,TX,2015-04-13,1
911,TX,2015-04-14,1
912,TX,2015-04-15,2
913,TX,2015-04-19,1
914,TX,2015-04-20,2
915,TX,2015-04-22,2
916,TX,2015-04-25,1
917,TX,2015-04-29,1
918,TX,2015-04-30,1
919,TX,2015-05-03,3
920,TX,2015-05-11,2
921,TX,2015-05-17,9
922,TX,2015-05-21,1
923,TX,2015-05-25,2
924,TX,2015-05-31,2
925,TX,2015-06-01,1
926,TX,2015-06-02,1
927,TX,2015-06-03,3
928,TX,2015-06-06,2
929,TX,2015-06-08,1
930,TX,2015-06-09,2
931,TX,2015-06-11,2
932,TX,2015-06-13,2
933,TX,2015-06-15,1
934,TX,2015-06-21,2
935,TX,2015-06-23,2
936,TX,2015-06-26,1
937,TX,2015-07-05,4
938,TX,2015-07-07,3
939,TX,2015-07-12,2
940,TX,2015-07-17,1
941,TX,2015-07-20,3
942,TX,2015-07-30,1
943,TX,2015-07-31,1
944,TX,2015-08-02,2
945,TX,2015-08-06,1
946,TX,2015-08-07,1
947,TX,2015-08-08,1
948,TX,2015-08-11,2
949,TX,2015-08-12,1
950,TX,2015-08-14,2
951,TX,2015-08-16,2
952,TX,2015-08-17,1
953,TX,2015-08-27,1
954,TX,2015-08-28,3
955,TX,2015-08-29,1
956,TX,2015-09-04,2
957,TX,2015-09-10,1
958,TX,2015-09-13,1
959,TX,2015-09-21,3
960,TX,2015-09-23,1
961,TX,2015-09-27,1
962,TX,2015-09-29,1
963,TX,2015-10-02,2
964,TX,2015-10-05,2
965,TX,2015-10-11,2
966,TX,2015-10-15,2
967,TX,2015-10-16,1
968,TX,2015-10-21,1
969,TX,2015-10-30,3
970,TX,2015-11-04,2
971,TX,2015-11-09,2
972,TX,2015-11-16,1
973,TX,2015-11-17,2
974,TX,2015-11-23,1
975,TX,2015-11-28,1
976,TX,2015-11-30,1
977,TX,2015-12-02,1
978,TX,2015-12-05,1
979,TX,2015-12-13,3
980,TX,2015-12-20,2
981,TX,2015-12-21,1
982,UT,2015-01-08,2
983,UT,2015-01-14,1
984,UT,2015-02-15,1
985,UT,2015-02-16,1
986,UT,2015-05-03,1
987,UT,2015-06-29,1
988,UT,2015-07-09,2
989,UT,2015-07-29,1
990,UT,2015-08-26,1
991,UT,2015-08-28,1
992,UT,2015-09-23,1
993,VA,2015-01-14,2
994,VA,2015-03-24,1
995,VA,2015-03-30,1
996,VA,2015-04-03,2
997,VA,2015-04-22,2
998,VA,2015-04-29,2
999,VA,2015-05-05,2
1000,VA,2015-05-19,1
1001,VA,2015-06-24,2
1002,VA,2015-07-04,2
1003,VA,2015-08-03,2
1004,VA,2015-08-05,2
1005,VA,2015-08-22,2
1006,VA,2015-09-05,3
1007,VA,2015-09-20,2
1008,VA,2015-09-23,2
1009,VA,2015-10-17,1
1010,VA,2015-12-08,1
1011,VA,2015-12-19,2
1012,VA,2015-12-28,1
1013,VT,2015-12-22,1
1014,WA,2015-01-02,2
1015,WA,2015-02-10,1
1016,WA,2015-03-19,2
1017,WA,2015-04-04,1
1018,WA,2015-04-21,2
1019,WA,2015-05-04,2
1020,WA,2015-05-10,2
1021,WA,2015-05-26,1
1022,WA,2015-06-07,1
1023,WA,2015-07-17,2
1024,WA,2015-08-05,1
1025,WA,2015-08-08,2
1026,WA,2015-08-19,1
1027,WA,2015-08-21,1
1028,WA,2015-10-15,2
1029,WA,2015-12-06,1
1030,WA,2015-12-13,2
1031,WI,2015-02-24,1
1032,WI,2015-03-05,1
1033,WI,2015-03-06,2
1034,WI,2015-03-14,1
1035,WI,2015-03-24,2
1036,WI,2015-07-16,1
1037,WI,2015-07-22,2
1038,WI,2015-08-05,1
1039,WI,2015-09-09,1
1040,WI,2015-10-24,1
1041,WI,2015-12-05,1
1042,WV,2015-03-13,1
1043,WV,2015-03-14,1
1044,WV,2015-03-27,2
1045,WV,2015-06-05,2
1046,WV,2015-07-02,1
1047,WV,2015-08-01,2
1048,WV,2015-09-01,2
1049,WV,2015-09-29,1
1050,WV,2015-09-30,1
1051,WV,2015-11-05,2
1052,WV,2015-11-09,1
1053,WV,2015-12-14,1
1054,WY,2015-05-20,1
1055,WY,2015-07-12,2
1056,WY,2015-07-16,2
1057,WY,2015-07-23,1
1058,WY,2015-12-06,1
1059,WY,2015-12-30,1
